Listing Name,Price,Room Type,Reviews,Location
HUGE room/ Williamsburg Waterfront!,141,Private room,57 reviews,"Williamsburg, Brooklyn"
Amazing Apt! Private Rooftop Space!,291,Entire home/apt,46 reviews,"Williamsburg, Brooklyn"
Beautiful Cozy One Bedroom in Dumbo,194,Entire home/apt,3 reviews,"DUMBO, Brooklyn"
Private Room in Williamsburg NYC,97,Private room,14 reviews,"Williamsburg, Brooklyn"
"Colorful, quiet, & near the subway!",116,Private room,53 reviews,"Boerum Hill, Brooklyn"
2 rooms; private entrance & bath!,84,Private room,53 reviews,"Bushwick, Brooklyn"
Lovely Bedrooms in Artist's Home,121,Private room,56 reviews,"Clinton Hill, Brooklyn"
Cozy Bedroom in Cute BK Apartment!,84,Private room,16 reviews,"Bedford-Stuyvesant, Brooklyn"
"Delightful,Private,Brooklyn studio",116,Private room,114 reviews,"Bedford-Stuyvesant, Brooklyn"
Bright & Happy Room on L Train,63,Private room,10 reviews,"Bushwick, Brooklyn"
January SALE! Brooklyn Art Chic,97,Private room,2 reviews,"Boerum Hill, Brooklyn"
3br in Neo-French Reniassance Home,225,Entire home/apt,18 reviews,"Lefferts Garden, Brooklyn"
"Great location, cozy, near F, G, R!",181,Entire home/apt,6 reviews,"Park Slope, Brooklyn"
Historic House in Williamsburg,128,Private room,72 reviews,"Williamsburg, Brooklyn"
"Single room, City in 15! Great spot",65,Private room,11 reviews,"Bedford-Stuyvesant, Brooklyn"
Unique SHARED Rm 4 Single & Groups|,50,Shared room,6 reviews,"Williamsburg, Brooklyn"
Stunning! Williamsburg Dream Room.,142,Private room,54 reviews,"Williamsburg, Brooklyn"
Mayor's Mansion - Fort Greene,323,Entire home/apt,12 reviews,"Fort Greene, Brooklyn"
"Single room, City in 15! Great spot",65,Private room,11 reviews,"Bedford-Stuyvesant, Brooklyn"
Rare Historic Gem in Williamsburg,115,Private room,67 reviews,"Williamsburg, Brooklyn"
Modern Brooklyn Loft,187,Entire home/apt,10 reviews,"Williamsburg, Brooklyn"
Magic in Cobble Hill!,90,Private room,44 reviews,"Brooklyn Heights, Brooklyn"
Designer loft in hip Williamsburg,220,Entire home/apt,16 reviews,"Williamsburg, Brooklyn"
Room in beautiful Williamsburg apt,123,Private room,8 reviews,"Williamsburg, Brooklyn"
Quiet apartment in lovely area,129,Entire home/apt,45 reviews,"Boerum Hill, Brooklyn"
In the heart of brownstone Brooklyn,110,Private room,4 reviews,"Clinton Hill, Brooklyn"
Cozy Park Slope Apartment w/ View,154,Entire home/apt,6 reviews,"Park Slope, Brooklyn"
Option of 2 Full Beds + Roof Deck,75,Private room,78 reviews,"Bushwick, Brooklyn"
"Sunny, Large, Park Slope Bedroom",136,Private room,79 reviews,"Park Slope, Brooklyn"
Option of 2 Beds + Private Bathroom,75,Private room,37 reviews,"Bushwick, Brooklyn"
Cozy Nook in Heart of Williamsburg,76,Private room,59 reviews,"Williamsburg, Brooklyn"
Brooklyn Prospect Park Cozy Single,116,Private room,95 reviews,"Prospect Heights, Brooklyn"
Fort Greene Magic on Elliott Place,102,Private room,54 reviews,"Fort Greene, New York"
Cozy Room With private 1/2 bath,78,Private room,101 reviews,"Park Slope, Brooklyn"
Designer 1 Bedroom in Williamsburg,161,Entire home/apt,17 reviews,"Williamsburg, Brooklyn"
Beautiful 1BR heart of Williamsburg,155,Entire home/apt,11 reviews,"Williamsburg, Brooklyn"
Williamsburg Penthouse Guestroom,97,Private room,8 reviews,"Williamsburg, Brooklyn"
Park Slope-Private Room/Bath/Entry,187,Private room,92 reviews,"Park Slope, Brooklyn"
Minutes To Manhattan!!,155,Entire home/apt,7 reviews,"Bushwick, Brooklyn"
Modern Waterfront 2Bed Williamsburg,323,Entire home/apt,12 reviews,"Williamsburg, Brooklyn"
carriage house apartment,194,Entire home/apt,81 reviews,"Clinton Hill, Brooklyn"
Charming 1br Apt In Williamsburg!!!,161,Entire home/apt,23 reviews,"Williamsburg, Brooklyn"
Brooklyn NY Studio，Private Bathroom,78,Private room,2 reviews,"Bay Ridge, Brooklyn"
3BR/2BA Duplex - 1m to subway!,239,Entire home/apt,8 reviews,"Bedford-Stuyvesant, Brooklyn"
FAB BKLYN ROOM&BATH&OWN ENTRANCE,142,Private room,50 reviews,"Fort Greene, Brooklyn"
Spacious private room in loft,129,Private room,23 reviews,"Greenpoint, Brooklyn"
The Institute—Heart of Williamsburg,323,Entire home/apt,104 reviews,"Williamsburg, Brooklyn"
Williamsburg Luxury-Steps To Subway,116,Private room,162 reviews,"Williamsburg, Brooklyn"
Bedroom in Designer Brooklyn Loft,110,Private room,6 reviews,"Bushwick, Brooklyn"
"Williamsburg SkyBox, Manhattan View",115,Private room,91 reviews,"Williamsburg, Brooklyn"
"Sunny Private Bedroom, Brooklyn NYC",90,Private room,3 reviews,"Bushwick, Brooklyn"
Charming studio apartment!,155,Entire home/apt,36 reviews,"Fort Greene, Brooklyn"
Prospect Park. Bikes. Garden.Trendy,84,Private room,11 reviews,"Flatbush, Brooklyn"
Private Studio in Greenpoint,168,Entire home/apt,5 reviews,"Greenpoint, Brooklyn"
Private Studio in Greenpoint,168,Entire home/apt,5 reviews,"Greenpoint, Brooklyn"
Spacious Private Bedroom & Living,128,Private room,167 reviews,"Park Slope, Brooklyn"
The Real Cool Large Private Deal,252,Entire home/apt,87 reviews,"Williamsburg, Brooklyn"
Best Location in Prospect Heights!,142,Entire home/apt,16 reviews,"Prospect Heights, Brooklyn"
Private Flat Greenpoint Brooklyn,174,Entire home/apt,29 reviews,"Greenpoint, Brooklyn"
Sun filled 2BR in BedStuy Townhouse,142,Entire home/apt,39 reviews,"Bedford-Stuyvesant, Brooklyn"
Private Room in Williamsburg Loft L,128,Private room,8 reviews,"Williamsburg, Brooklyn"
SUNNY BIG ROOM IN STYLISH APT,103,Private room,15 reviews,"Bedford-Stuyvesant, New York"
"Cozy, spacious & convenient 1 BR :)",97,Private room,24 reviews,"Bushwick, Brooklyn"
Cozy Artistic Apartment in Brooklyn,161,Entire home/apt,38 reviews,"Fort Greene, Brooklyn"
Home away from Home in Bed-Stuy!,52,Private room,2 reviews,"Bedford-Stuyvesant, Brooklyn"
East Williamsburg/Bed Stuy Sublet,45,Private room,4 reviews,"Bedford-Stuyvesant, Brooklyn"
Oversized Bright FullyFurnished 1BR,78,Entire home/apt,16 reviews,"Bay Ridge, Brooklyn"
Rare Historic Gem in Williamsburg,115,Private room,67 reviews,"Williamsburg, Brooklyn"
IDEALLY LOCATED - WHOLE APARTMENT,155,Entire home/apt,44 reviews,"Boerum Hill, Brooklyn"
Pretty and Private in Clinton Hill,129,Private room,5 reviews,"Clinton Hill, Brooklyn"
Lovely Room in Williamsburg Loft,136,Private room,18 reviews,"Williamsburg, Brooklyn"
Sunny Private Room in Brooklyn,78,Private room,15 reviews,"Crown Heights, Brooklyn"
Sunny private room featured in film,121,Private room,90 reviews,"Flatbush, Brooklyn"
Big Airy Room in Brooklyn,58,Private room,2 reviews,"Bedford-Stuyvesant, Brooklyn"
PRIVATE SUITE in Williamsburg BK,103,Private room,3 reviews,"Williamsburg, Brooklyn"
Homey Townhouse + PRIVATE Bathroom,155,Private room,101 reviews,"Boerum Hill, Brooklyn"
Cozy Private Room in Williamsburg,71,Private room,17 reviews,"Williamsburg, Brooklyn"
Master Bed Bushwick Vacation NYC,88,Private room,32 reviews,"Bushwick, Brooklyn"
Park Slope Green Guest House,174,Entire home/apt,220 reviews,"Park Slope, Brooklyn"
"Charming, Airy 2 Bedroom Brownstone",142,Entire home/apt,15 reviews,"Bedford-Stuyvesant, Brooklyn"
Beautiful room! Heart of Wburg BK!,97,Private room,50 reviews,"Williamsburg, Brooklyn"
"Big Sunny Guest Room, W'burg Bridge",96,Private room,109 reviews,"Williamsburg, Brooklyn"
Bright Sunny 8x13 Williamsburg Room,99,Private room,5 reviews,"Williamsburg, Brooklyn"
Williamsburg 1 bedroom Apartment,174,Entire home/apt,50 reviews,"Williamsburg, Brooklyn"
Prospect Heights Pied-a-terre,154,Entire home/apt,4 reviews,"Crown Heights, Brooklyn"
Beautiful Room w/ Rooftop Patio!,103,Private room,15 reviews,"Williamsburg, Brooklyn"
Large Williamsburg Loft Apartment,258,Entire home/apt,35 reviews,"Williamsburg, Brooklyn"
Williamsburg Penthouse For A Cause,142,Private room,117 reviews,"Williamsburg, Brooklyn"
Lovely Private Room in Brownstone,110,Private room,26 reviews,"Crown Heights, Brooklyn"
Sweet and Neat Cobble Hill 1 BR,257,Entire home/apt,31 reviews,"Boerum Hill, Brooklyn"
PrivateRoom in Beautiful Brownstone,65,Private room,6 reviews,"Bedford-Stuyvesant, Brooklyn"
Sunny Loft 15 min. to Union Square,110,Private room,102 reviews,"Williamsburg, Brooklyn"
Mayor's Mansion - Garden Suite,161,Private room,53 reviews,"Fort Greene, Brooklyn"
Best Bedroom with Private Bathroom,115,Private room,17 reviews,"Williamsburg, Brooklyn"
Bohemian Paradise in Industrial BK,128,Private room,57 reviews,"Bushwick, Brooklyn"
2 BEDROOM APT: free WiFi & Jacuzzi,161,Entire home/apt,23 reviews,"Bedford-Stuyvesant, Brooklyn"
Skylight BR in Gorgeous Rooftop Apt,115,Private room,80 reviews,"Bushwick, Brooklyn"
BEST DEAL IN BROOKLYN,52,Shared room,2 reviews,"Bushwick, Brooklyn"
Nice room next to Prospect Park!,76,Private room,48 reviews,"Lefferts Garden, New York"
"BIG & SUNNY, 1 STOP FROM MANHATTAN",400,Entire home/apt,17 reviews,"Fort Greene, Brooklyn"
HUGE room/Williamsburg Waterfront!,161,Private room,8 reviews,"Williamsburg, Brooklyn"
Gorgeous studio in Brooklyn Heights,167,Entire home/apt,6 reviews,"Brooklyn Heights, Brooklyn"
Charming Boerum Hill - Private Deck,110,Private room,88 reviews,"Boerum Hill, Brooklyn"
2RMSuite Seconds from the L train!,105,Private room,6 reviews,"Bushwick, Brooklyn"
Garden Apt / Fort Greene Brownstone,304,Entire home/apt,71 reviews,"Fort Greene, Brooklyn"
Beautiful luxury one-bdrm apartment,192,Entire home/apt,20 reviews,"Williamsburg, Brooklyn"
Central Williamsburg Penthouse,123,Private room,30 reviews,"Williamsburg, Brooklyn"
Private suite in Brooklyn's Heart,110,Private room,8 reviews,"Boerum Hill, New York"
Central Williamsburg Penthouse,123,Private room,30 reviews,"Williamsburg, Brooklyn"
Private suite in Brooklyn's Heart,110,Private room,8 reviews,"Boerum Hill, New York"
Luminous 2BR in Park Slope NYC,218,Entire home/apt,11 reviews,"Park Slope, Brooklyn"
Downtown Brooklyn Luxury Building,129,Shared room,10 reviews,"Fort Greene, Brooklyn"
Penthouse in the sky,192,Entire home/apt,48 reviews,"Greenpoint, Brooklyn"
Large Room in Williamsburg,65,Private room,1 review,"Williamsburg, Brooklyn"
CHEAP BIG room in Williamsburg,65,Private room,31 reviews,"Williamsburg, Williamsburg Brooklyn"
Luxury Fort Greene Brooklyn Apt,180,Entire home/apt,2 reviews,"Fort Greene, Brooklyn"
Nice room + Private Rooftop Terrace,89,Private room,2 reviews,"Williamsburg, Brooklyn"
Modern 1BR  in Trendy Williamsburg,181,Entire home/apt,12 reviews,"Williamsburg, Brooklyn"
FORT GREENE BROOKLYN BROWNSTONE,161,Entire home/apt,36 reviews,"Fort Greene, Brooklyn"
Large Room with Private Bathroom,48,Private room,2 reviews,"Clinton Hill, Brooklyn"
Beautiful modern Brooklyn apt,233,Entire home/apt,13 reviews,"Boerum Hill, Brooklyn"
Spacious Studio 3 - Fort Greene,78,Private room,48 reviews,"Boerum Hill, Brooklyn"
Sunny Room 1/2 Block from L Train!,71,Private room,52 reviews,"Bushwick, Brooklyn"
Waterbury House Brooklyn New York 1,142,Private room,63 reviews,"Williamsburg, Brooklyn"
Best View of Mnhtn in Crown Heights,102,Private room,7 reviews,"Crown Heights, Brooklyn"
ZEN LOFT 1 - INSTANT BOOK NOW :),103,Private room,5 reviews,"Williamsburg, Brooklyn"
Lovely Bklyn Heights brownstone 1BR,174,Entire home/apt,17 reviews,"Brooklyn Heights, Brooklyn"
Winter/Sprin Discount  Williamsburg,129,Private room,3 reviews,"Williamsburg, New York"
The Wedge House—Single Fam. Home,161,Entire home/apt,8 reviews,"Williamsburg, Brooklyn"
Private Room/Heart of Williamsburg,97,Shared room,12 reviews,"Williamsburg, Brooklyn"
Spacious loft in Downtown Brooklyn,127,Private room,55 reviews,"Downtown Brooklyn, Brooklyn"
"Steps From Art, Shopping & Eats",194,Entire home/apt,11 reviews,"Prospect Heights, Brooklyn"
Giant Bedroom - Steps from Subway,121,Private room,5 reviews,"Carroll Gardens, Brooklyn"
"Spacious, Spotless 1Bd- BK Heights!",194,Entire home/apt,92 reviews,"Brooklyn Heights, Brooklyn"
Base Camp in Bed-Stuy,110,Entire home/apt,16 reviews,"Bedford-Stuyvesant, Brooklyn"
Spacious Room - Park Slope,84,Private room,3 reviews,"Gowanus, Brooklyn"
"Clean, homey, beautiful Garden apt.",129,Entire home/apt,11 reviews,"Bedford-Stuyvesant, Brooklyn"
Cozy and Quiet Private Bedroom,84,Private room,3 reviews,"Williamsburg, Brooklyn"
2bdrm Luxury Apt Fort Greene Bklyn,226,Entire home/apt,117 reviews,"Fort Greene, Brooklyn"
Cozy Room With private 1/2 bath,78,Private room,101 reviews,"Park Slope, Brooklyn"
Bushwick Creative Den of Bliss,97,Private room,39 reviews,"Bushwick, Brooklyn"
Sunny Room/private bath/ Brownstone,123,Private room,31 reviews,"Park Slope, Brooklyn"
"Beautiful Room with Bath, Balcony",103,Private room,75 reviews,"Williamsburg, Brooklyn"
"Great Room, Great Hosts, Great Hood",52,Private room,30 reviews,"Bushwick, Brooklyn"
Lovely Spacious Private Room,110,Private room,17 reviews,"Flatbush, Brooklyn"
"Modern, Well-Appointed Room in NYC!",84,Private room,60 reviews,"Bedford-Stuyvesant, Brooklyn"
Spacious Room/1 Block From Train,71,Private room,4 reviews,"Bushwick, Brooklyn"
Gorgeous Brownstone Suite,141,Private room,28 reviews,"Prospect Heights, Brooklyn"
Airy room,58,Private room,10 reviews,"Windsor Terrace, Brooklyn"
The Brooklyn Life - Garden Suite,161,Entire home/apt,4 reviews,"Bedford-Stuyvesant, Brooklyn"
A Breathtaking Brooklyn Experience!,115,Private room,157 reviews,"Fort Greene, Brooklyn"
1 Blk to Subway + Prospect Park B,65,Private room,31 reviews,"Flatbush, Brooklyn"
"Williamsburg room, private entrance",116,Private room,34 reviews,"Williamsburg, Brooklyn"
Large sunny room across from park,78,Private room,3 reviews,"Bushwick, Brooklyn"
Cute + Cozy: Park Slope One Bedroom,168,Entire home/apt,3 reviews,"Park Slope, Brooklyn"
"Bedford Loft, Williamsburg Prime",257,Entire home/apt,51 reviews,"Williamsburg, Brooklyn"
2 Bedroom Apartment,233,Entire home/apt,110 reviews,"Fort Greene, Brooklyn"
Your OWN Private Garden Apartment,155,Entire home/apt,14 reviews,"Clinton Hill, Brooklyn"
Boerum Hill Apartment,174,Entire home/apt,16 reviews,"Boerum Hill, Brooklyn"
"Williamsburg Studio, Shared Kitchen",140,Entire home/apt,34 reviews,"Williamsburg, Brooklyn"
Large Master Bedroom - Williamsburg,97,Private room,63 reviews,"Williamsburg, Brooklyn"
Private rm in cozy WILLIAMSBURG apt,141,Private room,23 reviews,"Williamsburg, Brooklyn"
Room in Brownstone by Prospect Park,174,Private room,43 reviews,"Park Slope, Brooklyn"
"1Bedroom, Seconds from L train",105,Private room,23 reviews,"Bushwick, Brooklyn"
Brooklyn Escape,103,Private room,1 review,"Park Slope, Brooklyn"
NICE ROOM #3 ~ AWESOME LOCATION!!,141,Private room,15 reviews,"Williamsburg, Brooklyn"
Sunny Suite Sleeps Up To Six,194,Entire home/apt,7 reviews,"Flatbush, Brooklyn"
Sunny Private Room in Williamsburg,97,Private room,46 reviews,"Williamsburg, Brooklyn"
Quintessential Brooklyn...!!,140,Entire home/apt,11 reviews,"Boerum Hill, Brooklyn"
"Landmark Cottage, Brownstone block",258,Entire home/apt,16 reviews,"Crown Heights, Brooklyn"
Master Bedroom in Hip Williamsburg,84,Private room,1 review,"Williamsburg, Brooklyn"
Prime Williamsburg Loft off Bedford,154,Private room,50 reviews,"Williamsburg, Brooklyn"
Brooklyn Home Base,110,Entire home/apt,12 reviews,"Bedford-Stuyvesant, Brooklyn"
Palatial Brownstone w Backyard,355,Entire home/apt,13 reviews,"Bedford-Stuyvesant, Brooklyn"
Luxury Apt. in Prime Williamsburg,207,Entire home/apt,8 reviews,"Williamsburg, Brooklyn"
"""The Country"" & the NYC Waterfront!",207,Entire home/apt,83 reviews,"Williamsburg, Brooklyn"
Four bedroom brownstone with 2 bath,291,Entire home/apt,110 reviews,"Crown Heights, Brooklyn"
NYC gorgeous private room and bath,93,Private room,74 reviews,"Bedford-Stuyvesant, Brooklyn"
South Slope Private Basement Studio,97,Private room,13 reviews,"Park Slope, Brooklyn"
Charming Brooklyn Garden House,355,Entire home/apt,25 reviews,"Park Slope, Brooklyn"
Sunny & modern  1bd/1ba home,181,Entire home/apt,11 reviews,"Clinton Hill, Brooklyn"
Beautiful room in gorgeous apt.,258,Private room,0 reviews,"Cobble Hill, Brooklyn"
Designer loft in hip Williamsburg,220,Entire home/apt,16 reviews,"Williamsburg, Brooklyn"
Sunny private room in artists loft,107,Private room,22 reviews,"Bedford-Stuyvesant, Brooklyn"
Brooklyn Bedroom 8 Min From City,45,Private room,7 reviews,"Williamsburg, Brooklyn"
Spacious Suite in Brownstone,110,Entire home/apt,7 reviews,"Bedford-Stuyvesant, Brooklyn"
Beautiful Private Room by the park,88,Private room,6 reviews,"Williamsburg, Brooklyn"
BUDGET ROOM 15 MINUTES TO MANHATTAN,76,Private room,7 reviews,"Bushwick, Brooklyn"
"Beautiful 4 BR,  #1, BEST LOCATION",119,Private room,110 reviews,"Park Slope, Brooklyn"
Your Prospect Heights Garden Oasis!,218,Entire home/apt,35 reviews,"Prospect Heights, Brooklyn"
PRIVATE and SUNNY Williamsburg Apt!,180,Entire home/apt,144 reviews,"Williamsburg, Brooklyn"
Hip/Trendy Brooklyn Loft Apartment.,52,Private room,7 reviews,"Bedford-Stuyvesant, Brooklyn"
The Library Loft's White Room,78,Private room,18 reviews,"Williamsburg, Brooklyn"
"Private, well-lit room in Bed-Stuy!",52,Private room,6 reviews,"Bedford-Stuyvesant, Brooklyn"
Sunny WILLIAMSBURG. Home Sweet Home,258,Entire home/apt,79 reviews,"Williamsburg, Brooklyn"
PENTHOUSE DUPLEX WITH HUGE TERRACE!,258,Entire home/apt,1 review,"Williamsburg, New York"
Gorgeous private NYC 2 BD duplex,177,Entire home/apt,9 reviews,"Bedford-Stuyvesant, Brooklyn"
Park Slope Private Room and Bath,84,Private room,28 reviews,"Park Slope, Brooklyn"
PENTHOUSE DUPLEX WITH HUGE TERRACE!,258,Entire home/apt,1 review,"Williamsburg, New York"
Gorgeous private NYC 2 BD duplex,177,Entire home/apt,9 reviews,"Bedford-Stuyvesant, Brooklyn"
Park Slope Private Room and Bath,84,Private room,28 reviews,"Park Slope, Brooklyn"
Luxury Flat with Balcony & Office,323,Entire home/apt,18 reviews,"DUMBO, Brooklyn"
Modern Bedroom in Williamsburg Loft,115,Private room,35 reviews,"Williamsburg, Brooklyn"
1 Bedroom Brownstone Jewel Box,128,Entire home/apt,9 reviews,"Clinton Hill, Brooklyn"
Clinton Hill Charmer,103,Private room,3 reviews,"Clinton Hill, Brooklyn"
Trendy 1 bdr Prospect Heights BKLYN,84,Private room,49 reviews,"Crown Heights, Brooklyn"
ingefära hus! Williamsburg Center,132,Private room,87 reviews,"Williamsburg, Brooklyn"
Amazing Room—Private Bath/Backyard,128,Private room,28 reviews,"Greenpoint, Greenpoint, Brooklyn"
2 BR loft on charming tree-lined St,258,Entire home/apt,9 reviews,"Carroll Gardens, Brooklyn"
Spacious Heart of Ft. Greene Studio,129,Entire home/apt,31 reviews,"Fort Greene, Brooklyn"
Beautiful room off Bedford ave.,76,Private room,50 reviews,"Williamsburg, Brooklyn"
Modern One bedroom in Williamsburg,336,Entire home/apt,10 reviews,"Greenpoint, Brooklyn"
Brooklyn - Boerum Hill Beauty,258,Entire home/apt,6 reviews,"Boerum Hill, Brooklyn"
"NYC, Modern & Comfortable. THE ONE",257,Entire home/apt,54 reviews,"Williamsburg, Brooklyn"
Big Room 10 Min from Manhattan,141,Private room,8 reviews,"Bushwick, Brooklyn"
"Sunny Private Room,Williamsburg Pad",90,Private room,24 reviews,"Williamsburg, Brooklyn"
Sunny Spot in Heart of Williamsburg,282,Entire home/apt,13 reviews,"Williamsburg, Brooklyn"
A bedroom with a sunroom!,174,Entire home/apt,5 reviews,"Fort Greene, Brooklyn"
The artist's house part 3,78,Private room,10 reviews,"Lefferts Garden, Brooklyn"
Spacious w/ Private Rooftop!,109,Private room,14 reviews,"Williamsburg, Brooklyn"
Williamsburg! Walk 2 NYC!!!,65,Private room,110 reviews,"Williamsburg, Brooklyn"
GIANT LOFT - HEART of WILLIAMSBURG!,161,Private room,19 reviews,"Williamsburg, Brooklyn"
"The Hillary, Lovely Garden Duplex,",194,Entire home/apt,47 reviews,"Bedford-Stuyvesant, Brooklyn"
Modern Sunny Queer Friendly Loft,65,Private room,32 reviews,"Williamsburg, Brooklyn"
Private Bedroom in a Large 3-BR Apt,78,Private room,73 reviews,"Williamsburg, Brooklyn"
3BR in trendy WilliamsburgBrooklyn,258,Entire home/apt,1 review,"Williamsburg, Brooklyn"
"Room for Rent in Brooklyn, NY",37,Private room,0 reviews,"Williamsburg, Brooklyn"
Bohemian Williamsburg loft,168,Entire home/apt,15 reviews,"Williamsburg, Brooklyn"
Large room in great neighborhood,102,Private room,72 reviews,"Williamsburg, Brooklyn"
Appartement lumineux Williamsburg.,355,Entire home/apt,4 reviews,"Williamsburg, Brooklyn"
Cosy and convenient Apartment,161,Entire home/apt,14 reviews,"Carroll Gardens, Brooklyn"
Bright Quiet 1BD in the Heart of BK,194,Entire home/apt,5 reviews,"Boerum Hill, Brooklyn"
#2~Studio Suite-10 mins Manhattan!,128,Entire home/apt,32 reviews,"Clinton Hill, Brooklyn"
Comfy room in Brooklyn,57,Private room,1 review,"Bedford-Stuyvesant, Brooklyn"
Artsy Room in Bed-Stuy w/ Rooftop,78,Private room,50 reviews,"Bedford-Stuyvesant, Brooklyn"
Spacious 2 BR apartment in Bed-Stuy,180,Entire home/apt,9 reviews,"Bedford-Stuyvesant, Brooklyn"
Williamsburg apartment with terrace,226,Entire home/apt,72 reviews,"Williamsburg, Brooklyn"
"Charming 1 Bdr Apartment, New York",207,Entire home/apt,6 reviews,"Williamsburg, Brooklyn"
"♥ of Williamsburg, Private Entrance",167,Private room,52 reviews,"Williamsburg, Brooklyn"
2 Bedroom Bushwick Apartment,180,Entire home/apt,34 reviews,"Bushwick, Brooklyn"
New studio APT with marble floors!,88,Entire home/apt,59 reviews,"Bushwick, Brooklyn"
"Peace room, private bath, breakfast",103,Private room,24 reviews,"Bedford-Stuyvesant, Brooklyn"
Bedroom in the heart of Williamburg,123,Private room,10 reviews,"Williamsburg, Brooklyn"
Photographer's loft with great view,136,Entire home/apt,46 reviews,"Brooklyn Navy Yard, Brooklyn"
"large bdroom, priv bth, priv living",110,Private room,28 reviews,"Bedford-Stuyvesant, Brooklyn"
Perfect in Park Slope: EZ 2 NYC,194,Entire home/apt,13 reviews,"Park Slope, Brooklyn"
"Enjoy the City, Come Home to Brklyn",110,Private room,41 reviews,"Park Slope, Brooklyn"
Spacious & Sunny in Prime Brooklyn,194,Entire home/apt,26 reviews,"Clinton Hill, Brooklyn"
Personal Studio in Crown Heights,89,Private room,15 reviews,"Crown Heights, Brooklyn"
Large Private B&B Style Studio,103,Entire home/apt,46 reviews,"Bedford-Stuyvesant, Brooklyn"
The Black and White Loft,71,Private room,3 reviews,"Williamsburg, Brooklyn"
Park Slope Oasis: Your home base!,141,Entire home/apt,1 review,"Park Slope, Brooklyn"
"Cozy, Bright Bushwick Room off L&M",87,Private room,6 reviews,"Bushwick, Brooklyn"
Sunny Large Room in Artists Loft,78,Private room,10 reviews,"Bushwick, Brooklyn"
Private Master Suite in Park Slope,149,Private room,95 reviews,"Park Slope, Brooklyn"
Bedroom in a spacious artsy Loft,78,Private room,48 reviews,"Williamsburg, Brooklyn"
Cozy place in the Bay Ridge NY,123,Entire home/apt,1 review,"Bay Ridge, Brooklyn"
Williamsburg house w/huge garden,452,Entire home/apt,4 reviews,"Williamsburg, Brooklyn"
Williamsburg/Greenpoint Parkside,317,Entire home/apt,11 reviews,"Greenpoint, Brooklyn"
Williamsburg - Spacious & Charming!,74,Private room,14 reviews,"Williamsburg, Brooklyn"
"The M, a Charming Garden Apartment",142,Entire home/apt,34 reviews,"Bedford-Stuyvesant, Brooklyn"
Loft 305: Classic Brooklyn,218,Entire home/apt,30 reviews,"Greenpoint, Brooklyn"
"Large, peaceful Brooklyn apartment",110,Private room,13 reviews,"Park Slope, Brooklyn"
"Cozy room, overlooking garden",84,Private room,22 reviews,"Bedford-Stuyvesant, Brooklyn"
Luxe Private 1BR in Spacious Duplex,75,Private room,9 reviews,"Bushwick, Brooklyn"
"Williamsburg house, Lorimer L stop",123,Private room,28 reviews,"Williamsburg, Brooklyn"
Private Rm in Beautiful Brownstone,71,Private room,7 reviews,"Bushwick, Brooklyn"
"Cozy, Clean Cobble Hill Brownstone",181,Entire home/apt,60 reviews,"Cobble Hill, Brooklyn"
Lovely Bklyn Duplex w/ Courtyard,323,Entire home/apt,48 reviews,"Boerum Hill, Brooklyn"
Williamsburg Penthouse Hideaway,84,Private room,43 reviews,"Williamsburg, Brooklyn"
Lovely sun-lit 3-bedroom apartment,233,Entire home/apt,24 reviews,"Bedford-Stuyvesant, Brooklyn"
Wake up with NYC outside yr window!,78,Private room,6 reviews,"Prospect Heights, Brooklyn"
"Lovely Park Slope Apt, Brooklyn",136,Private room,22 reviews,"Park Slope, Brooklyn"
Brooklyn Budget Williamsburg NYC 3,65,Private room,76 reviews,"Williamsburg, Brooklyn"
Park Slope Brooklyn!  Sunny Bedroom,149,Private room,112 reviews,"Park Slope, Brooklyn"
New 1BR + 1BA with Private Entrance,115,Private room,22 reviews,"Bedford-Stuyvesant, Brooklyn"
Bargain Private Room #1,102,Private room,16 reviews,"Bushwick, Brooklyn"
Two Bedrooms with Private Rooftop,252,Entire home/apt,5 reviews,"Williamsburg, Brooklyn"
Big sunny room just off bedford ave,76,Private room,44 reviews,"Williamsburg, Brooklyn"
Beautiful Views from True Brooklyn,90,Private room,22 reviews,"Bedford-Stuyvesant, Brooklyn"
ZEN LOFT 3 - 10 MIN TO MANHATTAN :),90,Private room,2 reviews,"Williamsburg, Brooklyn"
Large room in great neighborhood,102,Private room,72 reviews,"Williamsburg, Brooklyn"
Cozy bedroom in an arty apartment!,76,Private room,3 reviews,"Bedford-Stuyvesant, Brooklyn"
2nd Fl Bklyn Brownstone Apt!,129,Entire home/apt,33 reviews,"Lefferts Garden, Brooklyn"
Sunny 2nd floor 2BR Apartment!,128,Entire home/apt,13 reviews,"Dyker Heights, Brooklyn"
Spacious & Stylish-Central location,194,Entire home/apt,27 reviews,"Williamsburg, New York"
Bargain Private Room #2,102,Private room,13 reviews,"Bushwick, Brooklyn"
Central Williamsburg with Garden,84,Private room,23 reviews,"Williamsburg, Brooklyn"
Beautiful room attached to bathroom,102,Private room,34 reviews,"Greenpoint, Brooklyn"
Bright gem in North Williamsburg,194,Entire home/apt,26 reviews,"Williamsburg, Brooklyn"
***Huge Room in Bright Open Loft***,142,Private room,31 reviews,"Williamsburg, Brooklyn"
Best Location: Every Subway Here!,89,Private room,54 reviews,"Park Slope, Brooklyn"
ZEN LOFT 2 - INSTANT BOOK NOW :),103,Private room,7 reviews,"Williamsburg, Brooklyn"
Williamsburg Spacious Studio,200,Entire home/apt,8 reviews,"Williamsburg, Brooklyn"
Private 1 bd in Sunny Red Hook Loft,115,Private room,48 reviews,"Red Hook, Brooklyn"
Beautiful Modern Apt in Brooklyn,252,Entire home/apt,23 reviews,"Crown Heights, Brooklyn"
Cozy room in a Spacious Duplex,84,Private room,7 reviews,"Bushwick, Brooklyn"
Gorgeous Private 1 Bedroom,136,Private room,10 reviews,"Clinton Hill, Brooklyn"
Sunny bedroom in Bushwick + Rooftop,58,Private room,9 reviews,"Bedford-Stuyvesant, Brooklyn"
Sun-filled room in Boerum Hill,97,Private room,14 reviews,"Boerum Hill, Brooklyn"
1BR Modern New Apt in Brooklyn,137,Entire home/apt,1 review,"Crown Heights, Brooklyn"
Beautiful Space in Brooklyn Heights,291,Entire home/apt,6 reviews,"Brooklyn Heights, Brooklyn"
Best Location Bright Apt- Bedford L,194,Entire home/apt,13 reviews,"Williamsburg, Brooklyn"
COMFY ROOM #3 ~ AMAZING LOCATION!,141,Private room,70 reviews,"Williamsburg, Brooklyn"
Garden Suite in Fort Greene,116,Entire home/apt,74 reviews,"Fort Greene, Brooklyn"
Sunny Williamsburg Apt w/ Deck,291,Entire home/apt,21 reviews,"Williamsburg, New York"
Cozy room in Brooklyn brownstone,84,Private room,3 reviews,"Crown Heights, Brooklyn"
Private 5 Stars Apt- Winter Sale,205,Entire home/apt,143 reviews,"Park Slope, Brooklyn"
"Classic Brownstone Beauty, Sleeps 4",256,Entire home/apt,50 reviews,"Crown Heights, Brooklyn"
BUDGET RM+ 1/2BATH-15 MIN MANHATTAN,83,Private room,0 reviews,"Bushwick, Brooklyn"
Williamsburg Garden Apartment,252,Entire home/apt,16 reviews,"Williamsburg, Brooklyn"
"Sun-filled, Quiet, Eclectic apt",94,Private room,1 review,"Park Slope, Brooklyn"
"Beautiful, cozy apt in lovely nabe!",116,Entire home/apt,55 reviews,"Lefferts Garden, Brooklyn"
Comfy bed in friendly Homestel #1,41,Shared room,8 reviews,"Bedford-Stuyvesant, Brooklyn"
9D Private Room in W'Burg,129,Private room,5 reviews,"Williamsburg, Brooklyn"
Awesome studio in Bushwick!!!,114,Entire home/apt,19 reviews,"Bushwick, Brooklyn"
Big Bedroom/Great Location/Backyard,58,Private room,82 reviews,"Bushwick, Brooklyn"
"Bright, Large room with Queen Bed",123,Private room,1 review,"Williamsburg, Brooklyn"
"Wiliamsburg 3BDR ,Private Deck",413,Entire home/apt,3 reviews,"Williamsburg, Brooklyn"
Great Williamsburg Apt with Balcony,89,Private room,12 reviews,"Williamsburg, Brooklyn"
Brownstone in Heart of Park Slope,180,Private room,2 reviews,"Park Slope, Brooklyn"
Quite Room in Sunny WB Penthouse,123,Private room,17 reviews,"Williamsburg, Brooklyn"
Sunny Victorian Brownstone Apt.,194,Entire home/apt,17 reviews,"Park Slope, Brooklyn"
Brooklyn Zen,194,Entire home/apt,14 reviews,"Brooklyn Heights, Brooklyn"
Sunny Bushwick Apartment / Morgan L,128,Entire home/apt,7 reviews,"Williamsburg, Brooklyn"
Lovely Private Room in Bushwick! :),58,Private room,0 reviews,"Bushwick, Brooklyn"
Bargain Room #3 - Special Low Price,63,Private room,10 reviews,"Bushwick, Brooklyn"
Mid-Century Modern Garden Paradise,128,Entire home/apt,23 reviews,"Bushwick, Brooklyn"
Sunny Spot in Heart of Williamsburg,282,Entire home/apt,13 reviews,"Williamsburg, Brooklyn"
Cozy 1br home for your stay in BK!,168,Entire home/apt,3 reviews,"Prospect Heights, Brooklyn"
Private Room in Big Apt on L train,84,Private room,20 reviews,"Bushwick, Brooklyn"
Brooklyn SUITE + Private Full Bath!,90,Private room,3 reviews,"Flatbush, Brooklyn"
Idyllic Boerum Hill One Bedroom,226,Entire home/apt,6 reviews,"Boerum Hill, Brooklyn"
"Huge Apartment Close To City 50"" TV",85,Private room,9 reviews,"Bushwick, Brooklyn"
Duplex w/ Patio @ Box House Hotel,291,Entire home/apt,24 reviews,"Greenpoint, Brooklyn"
Sunny room in picturesque Brooklyn,90,Private room,2 reviews,"Prospect Heights, Brooklyn"
Brooklyn Apt. with Private Garden,129,Entire home/apt,17 reviews,"Clinton Hill, Brooklyn"
"Exclusive Green Bedroom NYC, Brklyn",52,Private room,15 reviews,"Crown Heights, Brooklyn"
Hip Williamsburg 1 Br Garden Access,257,Entire home/apt,30 reviews,"Williamsburg, Brooklyn"
Large & Private 1 BR in BK Heights!,194,Private room,17 reviews,"Brooklyn Heights, Brooklyn"
Williamsburg Church Loft Space,194,Private room,8 reviews,"Williamsburg, Brooklyn"
Bed & Bath in Park Slope Mansion,149,Private room,11 reviews,"Park Slope, Brooklyn"
Small Room,90,Private room,21 reviews,"Park Slope, Brooklyn"
Williamsburg - Steps from Bedford L,129,Private room,28 reviews,"Williamsburg, Brooklyn"
Palace in the Sky,381,Entire home/apt,17 reviews,"Williamsburg, Brooklyn"
Serene Park Slope Garden Apartment,207,Entire home/apt,19 reviews,"Park Slope, Brooklyn"
New listing! Bk artist loft.,182,Entire home/apt,6 reviews,"Bushwick, Brooklyn"
Private Room in Big Apt w/ Patio,90,Private room,1 review,"Williamsburg, Brooklyn"
Bedroom with private Bathroom,137,Private room,1 review,"Williamsburg, Brooklyn"
Large Williamsburg Loft Apartment,258,Entire home/apt,35 reviews,"Williamsburg, Brooklyn"
Church loft in Williamsburg,349,Entire home/apt,22 reviews,"Williamsburg, Brooklyn"
Private room with sleeping loft,58,Private room,14 reviews,"Williamsburg, Brooklyn"
Central Williamsburg Fab Large Room,90,Private room,8 reviews,"Williamsburg, Brooklyn"
Prime location in Williamsburg,84,Private room,34 reviews,"Williamsburg, Brooklyn"
"Modern, Chic Brooklyn Duplex",76,Private room,63 reviews,"Clinton Hill, Brooklyn"
Beautiful Private Apt- Williamsburg,129,Private room,6 reviews,"Greenpoint, Brooklyn"
Brooklyn Bedroom w/ Bathroom,39,Private room,1 review,"Bay Ridge, Brooklyn"
A Great Place to Stay in Brooklyn!,116,Private room,30 reviews,"Williamsburg, Brooklyn"
Modern Stylish 1 bdrm Williamsburg!,161,Entire home/apt,8 reviews,"Williamsburg, Brooklyn"
Sunny one bedroom loft apartment,192,Entire home/apt,9 reviews,"Williamsburg, Brooklyn"
Apt with pilates studio in Wllmsbrg,103,Private room,111 reviews,"Williamsburg, Brooklyn"
Sunny Elegant and Big Room!,103,Private room,4 reviews,"Bedford-Stuyvesant, Brooklyn"
Option of 2 Beds + Private Bathroom,75,Private room,37 reviews,"Bushwick, Brooklyn"
Large Bedroom with Washer/dryer,98,Private room,3 reviews,"Flatbush, Brooklyn"
"East River Queen, & outdoor deck!",226,Entire home/apt,53 reviews,"Williamsburg, New York"
Best Location Williamsburg Brooklyn,174,Entire home/apt,22 reviews,"Williamsburg, Brooklyn"
Huge and Quiet Room near the Park,90,Private room,2 reviews,"Crown Heights, Brooklyn"
Huge Loft in Prime Williamsburg!,142,Private room,10 reviews,"Williamsburg, Brooklyn"
Sunny 2BR PRIME Williamsburg w/VIEW,258,Entire home/apt,19 reviews,"Williamsburg, Williamsburg, Brooklyn"
Studio in Brownstone - Brooklyn 3F,142,Entire home/apt,46 reviews,"Clinton Hill, Brooklyn"
"3 Bdrm Private, Top Floor Apartment",142,Entire home/apt,2 reviews,"Bedford-Stuyvesant, Brooklyn"
700 SqFt Luxe Loft Floor + Kitchen,149,Private room,27 reviews,"Prospect Heights, Brooklyn"
"Private Entrance, Beautiful Garden",128,Entire home/apt,48 reviews,"Bedford-Stuyvesant, Brooklyn"
Directly Across from Prospect Park!,76,Private room,59 reviews,Brooklyn
A bedroom with a sunroom!,174,Entire home/apt,5 reviews,"Fort Greene, Brooklyn"
Warm Apt 1 stop away from Manhattan,110,Private room,13 reviews,"Williamsburg, Brooklyn"
Funky and Freshh - Greenpoint!,71,Private room,1 review,"Greenpoint, Brooklyn"
Charming Brooklyn Studio,142,Entire home/apt,63 reviews,"Crown Heights, New York"
Room 4 subway stops from Manhattan,103,Private room,45 reviews,"Lefferts Garden, Brooklyn"
Industrial-Chic Brooklyn Flat,161,Entire home/apt,20 reviews,"Bedford-Stuyvesant, Brooklyn"
SUNNY 1BR APARTMENT IN FORT GREENE,213,Entire home/apt,2 reviews,"Fort Greene, Brooklyn"
Charming Carriage House Suite,202,Entire home/apt,175 reviews,"Williamsburg, Brooklyn"
Huge Room in South Williamsburg,97,Private room,71 reviews,"Williamsburg, Brooklyn"
THE PRESIDENT'S SUITE,116,Private room,8 reviews,"Williamsburg, Brooklyn"
Happy Brooklyn! Happy Konakolo!,194,Entire home/apt,1 review,"Park Slope, Brooklyn"
large garden triplex apt near PRATT,291,Entire home/apt,32 reviews,"Clinton Hill, Brooklyn"
Park Slope/Prospect Hghts 2 bedroom,192,Entire home/apt,59 reviews,"Prospect Heights, Brooklyn"
BROOKLYN VICTORIAN STYLE SUITE.....,129,Private room,102 reviews,"Fort Greene, Brooklyn"
"Small Cozy Room, Ideal Location",90,Private room,4 reviews,"Fort Greene, Brooklyn"
4 bedroom apartment,451,Entire home/apt,61 reviews,"Prospect Heights, Brooklyn"
Family Owned & Operated Brownstone,78,Private room,45 reviews,"Bedford-Stuyvesant, Brooklyn"
"BIG, sunny 1BD in bed-stuy",90,Private room,6 reviews,"Bedford-Stuyvesant, Brooklyn"
Bright and Beautiful Brooklyn Apt.,180,Entire home/apt,36 reviews,"Park Slope, Brooklyn"
Cozy Room in Charming Brownstone,71,Private room,16 reviews,"Sunset Park, Brooklyn"
New listing! Bk artist loft.,182,Entire home/apt,6 reviews,"Bushwick, Brooklyn"
"Cool, Comfy Bedroom nr Subway",63,Private room,2 reviews,"Bedford-Stuyvesant, Brooklyn"
Spacious Heart of Ft. Greene Studio,129,Entire home/apt,31 reviews,"Fort Greene, Brooklyn"
SUNNY MODERN LOFT A ON BEDFORD AVE!,129,Private room,29 reviews,"Williamsburg, Brooklyn"
Beautiful & Cozy on Bedford Ave!,84,Private room,14 reviews,"Williamsburg, Brooklyn"
Private Loft/Nest in Williamsburg,88,Private room,12 reviews,"Williamsburg, Brooklyn"
PRIME LOCATION-3 MINUTES TO CITY,110,Private room,24 reviews,"Williamsburg, Brooklyn"
SUNNY ROOM  IN PRIME WILLIAMSBURG,78,Private room,0 reviews,"Williamsburg, New York"
Sunny garden side airy room,71,Private room,5 reviews,"Bushwick, Brooklyn"
Beautiful Apt. on top of Brooklyn,258,Entire home/apt,9 reviews,"Fort Greene, Brooklyn"
QUEEN'S QUARTERS,97,Private room,11 reviews,"Williamsburg, Brooklyn"
Awesome Private Bedroom in Bushwick,47,Private room,1 review,"Bushwick, Brooklyn"
Sunny beautiful br in Williamsburg,71,Private room,8 reviews,"Williamsburg, Brooklyn"
Huge and Quiet Room near the Park,90,Private room,2 reviews,"Crown Heights, Brooklyn"
Private room in Wberg APT 3D,116,Private room,31 reviews,"Williamsburg, Brooklyn"
Space for 4 for NYE,129,Entire home/apt,1 review,"Windsor Terrace, Brooklyn"
COZY PRIVATE ROOM,84,Private room,22 reviews,"Bedford-Stuyvesant, Brooklyn"
NYC Brklyn Cozy Rustic Artist Home,59,Private room,15 reviews,"Bushwick, Brooklyn"
It's all about Bushwick BROOKLYN,97,Entire home/apt,66 reviews,"Bushwick, Brooklyn"
Stunning and Modern next to Park,128,Entire home/apt,19 reviews,"Prospect Heights, Brooklyn"
Space for 4 for NYE,129,Entire home/apt,1 review,"Windsor Terrace, Brooklyn"
COZY PRIVATE ROOM,84,Private room,22 reviews,"Bedford-Stuyvesant, Brooklyn"
NYC Brklyn Cozy Rustic Artist Home,59,Private room,15 reviews,"Bushwick, Brooklyn"
Stunning and Modern next to Park,128,Entire home/apt,19 reviews,"Prospect Heights, Brooklyn"
Brooklyn on the Park,233,Entire home/apt,20 reviews,"Williamsburg, Brooklyn"
Fabulous Industrial Dumbo Loft,161,Private room,35 reviews,"DUMBO, Brooklyn"
Industrial loft-Heart of Greenpoint,187,Private room,19 reviews,"Greenpoint, Brooklyn"
Bright Sunny 8x13 Williamsburg Room,99,Private room,5 reviews,"Williamsburg, Brooklyn"
Cozy 1 Bedroom in Clinton Hill,155,Entire home/apt,30 reviews,"Clinton Hill, Brooklyn"
Cozy oasis in heart of Williamsburg,65,Private room,6 reviews,"Williamsburg, Brooklyn"
BEST LOCATION IN WILLIAMSBURG,180,Entire home/apt,47 reviews,"Williamsburg, Brooklyn"
"Cozy, spacious & convenient 1 BR :)",97,Private room,24 reviews,"Bushwick, Brooklyn"
Sweet Room in East Williamsburg,90,Private room,1 review,"Williamsburg, Brooklyn"
Williamsburg/Greenpoint Retreat,110,Private room,0 reviews,"Greenpoint, Brooklyn"
Bright Private Large Rm Greenpoint,116,Private room,6 reviews,"Greenpoint, Brooklyn"
Comfy bed in friendly Homestel #D,45,Shared room,22 reviews,"Bedford-Stuyvesant, Brooklyn"
"LOCATION! beautiful,spacious (Rm#1)",84,Private room,31 reviews,"Prospect Heights, Brooklyn"
Charming Brooklyn 1-BD on main drag,90,Entire home/apt,3 reviews,"Crown Heights, Brooklyn"
Invitation to travelers,110,Private room,5 reviews,"Bedford-Stuyvesant, Brooklyn"
Beautiful Park Slope Apartment,174,Entire home/apt,7 reviews,"Park Slope, Brooklyn"
THE Apartment by Prospect Park!,97,Entire home/apt,14 reviews,"Lefferts Garden, Brooklyn"
BK CHARM~Clean Modern~XPrss Train!!,63,Private room,80 reviews,"Flatbush, Brooklyn"
BnoB (2 br) — Heart of Williamsburg,323,Entire home/apt,109 reviews,"Williamsburg, Brooklyn"
Organic Modern Williamsburg loft,388,Entire home/apt,4 reviews,"Williamsburg, Brooklyn"
Large/bright Entire Apt. Lorimer L,168,Entire home/apt,132 reviews,"Williamsburg, Brooklyn"
Ditmas Park Carriage House Loft,323,Entire home/apt,8 reviews,"Flatbush, Brooklyn"
Option of 2 Full Beds + Roof Deck,75,Private room,78 reviews,"Bushwick, Brooklyn"
Bedroom in Williamsburg Apartment,97,Private room,7 reviews,"Williamsburg, Brooklyn"
New & Private Luxury Bedroom nr All,67,Private room,3 reviews,"Bushwick, Brooklyn"
Your easy place...,26,Shared room,1 review,"Bedford-Stuyvesant, New York"
Beautiful communal house Bushwick,78,Private room,7 reviews,"Bushwick, Brooklyn"
Relaxing Room in Hip Neighborhood,102,Private room,4 reviews,"Williamsburg, Brooklyn"
Charming Rental in Brooklyn Heights,187,Entire home/apt,8 reviews,"Brooklyn Heights, Brooklyn"
Prospect Guestroom in Brooklyn,70,Private room,51 reviews,"Flatbush, Brooklyn"
Amazing Private Bedroom in Bushwick,71,Private room,0 reviews,"Bedford-Stuyvesant, Brooklyn"
Bedford Ave Artist Loft,225,Entire home/apt,24 reviews,"Williamsburg, Brooklyn"
Sunny & Spacious in Park Slope,258,Entire home/apt,12 reviews,"Park Slope, Brooklyn"
New York City room for rent!,45,Private room,4 reviews,"Bushwick, Brooklyn"
Large Cozy Loft Bedroom,105,Private room,10 reviews,"Williamsburg, Brooklyn"
Sunny Lofted Apartment,342,Entire home/apt,24 reviews,"Greenpoint, Brooklyn"
Park Slope 4b Next To Prospect Park,517,Entire home/apt,16 reviews,"Park Slope, Brooklyn"
Urban Jungle in Bedford Stuyvesant,142,Entire home/apt,47 reviews,"Bushwick, Brooklyn"
"HUGE, SUNNY ROOM, BLOCK 4RM TRAIN!",168,Private room,3 reviews,"Williamsburg, Brooklyn"
POST CARD VIEWS of Park and Skyline,209,Entire home/apt,52 reviews,"Williamsburg, Brooklyn"
"Bright, Airy Williamsburg Apt",174,Entire home/apt,10 reviews,"Williamsburg, Brooklyn"
"Cozy 1BR in Boerum Hill, GREAT loc!",180,Entire home/apt,69 reviews,"Cobble Hill, Brooklyn"
"Fab, Cozy Brownstone Apt in BedStuy",123,Entire home/apt,84 reviews,"Bedford-Stuyvesant, Brooklyn"
Sunny garden side airy room,71,Private room,5 reviews,"Bushwick, Brooklyn"
Cute lil room in a charming bk apt,110,Private room,11 reviews,"Williamsburg, Brooklyn"
Greenpoint small studio,97,Private room,17 reviews,"Greenpoint, Brooklyn"
Beautiful Loft in Bushwick Brooklyn,142,Entire home/apt,17 reviews,"Bushwick, Brooklyn"
3 Bed (2 Bath) Williamsburg Duplex!,368,Entire home/apt,12 reviews,"Williamsburg, Brooklyn"
SUNNY ROOM B CHIC SOUTH WILLYBURG!!,129,Private room,45 reviews,"Williamsburg, Brooklyn"
Beautiful Brooklyn with garden!,181,Entire home/apt,3 reviews,"Crown Heights, Brooklyn"
Gorgeous duplex 1 BR Brownstone apt,161,Entire home/apt,22 reviews,"Clinton Hill, Brooklyn"
Bedroom//Hip Neighborhood//Backyard,52,Private room,69 reviews,"Bushwick, Brooklyn"
"Dreamy room, eclectic Bushwick apt",45,Private room,12 reviews,"Bushwick, Brooklyn"
Modern & sunny 1bd in Downtown BK,258,Entire home/apt,2 reviews,"Downtown Brooklyn, Brooklyn"
Spacious Loft 5 min to Union Square,168,Private room,75 reviews,"Williamsburg, Brooklyn"
Lively loft!,63,Private room,66 reviews,"Williamsburg, Brooklyn"
Sunny Central Williamsburg Apt,181,Entire home/apt,10 reviews,"Williamsburg, Brooklyn"
Cozy bedroom in My Loft in New York,76,Private room,59 reviews,"Williamsburg, Brooklyn"
Quirky Duplex - Historic Park Slope,97,Private room,40 reviews,"Park Slope, Brooklyn"
Williamsburg Converted Church Loft,310,Entire home/apt,3 reviews,"Williamsburg, Brooklyn"
Amazing Boerum Hill Apartment!,220,Entire home/apt,48 reviews,"Boerum Hill, Brooklyn"
B & B Room 1,78,Private room,36 reviews,"Bedford-Stuyvesant, Brooklyn"
Huge room in cool Williamsburg,103,Private room,62 reviews,"Williamsburg, Brooklyn"
Quintessential W'burg Apartment,129,Private room,33 reviews,"Williamsburg, Brooklyn"
"Gorgeous, Sunny Private Bed, 2 Bath",71,Private room,6 reviews,"Bushwick, Brooklyn"
Charm & Beauty close to Manhattan,128,Entire home/apt,31 reviews,"Bedford-Stuyvesant, Brooklyn"
"Spacious, Private, Convenient 1 BR!",103,Private room,1 review,"Brooklyn Heights, Brooklyn"
"Budget Luxury, w/ Manhattan Views!",102,Private room,49 reviews,"Williamsburg, Brooklyn"
Cute Private Room With Backyard!!!,127,Private room,7 reviews,"Fort Greene, Brooklyn"
Cosy room in Brooklyn loft,103,Private room,3 reviews,"Williamsburg, Brooklyn"
Bright Quiet 1BD in the Heart of BK,194,Entire home/apt,5 reviews,"Boerum Hill, Brooklyn"
Charming Garden Room with Queen Bed,78,Private room,19 reviews,"Bushwick, Brooklyn"
TRUE LOFT IN LANDMARKED DUMBO BLDG!,136,Private room,42 reviews,"DUMBO, Brooklyn"
KOZY ROOM IN FORT GREENE BROOKLYN..,85,Private room,95 reviews,"Fort Greene, Brooklyn"
Quiet townhouse/Bedford Stuyvesant,258,Entire home/apt,5 reviews,"Bedford-Stuyvesant, Brooklyn"
"Sunny room, nice house, bikes!",90,Private room,19 reviews,"Bedford-Stuyvesant, Brooklyn"
Huge BR in W'Burg - pvt terrace,141,Private room,4 reviews,"Williamsburg, Brooklyn"
LARGE PRIVATE ONE BEDROOM APARTMENT,97,Entire home/apt,8 reviews,"Bedford-Stuyvesant, Brooklyn"
Sun soaked studio in Williamsburg,205,Entire home/apt,13 reviews,"Williamsburg, Brooklyn"
bedroom in front  prospect park sw,70,Private room,60 reviews,Brooklyn
Tranquil Single Bedroom in BKLYN!,75,Private room,46 reviews,"Flatbush, Brooklyn"
Bright Spacious 2-bedroom,155,Entire home/apt,6 reviews,"Crown Heights, Brooklyn"
Large Bedroom 15 Min From Manhattan,65,Private room,45 reviews,"Sunset Park, Brooklyn"
Luxury Romantic PENTHOUSE w\POOL,257,Entire home/apt,3 reviews,"Williamsburg, Brooklyn"
Room with En Suite Bathroom & Deck,110,Private room,211 reviews,"Clinton Hill, Brooklyn"
"Luxury, Quiet Bedroom, near Subway",72,Private room,2 reviews,"Bushwick, Brooklyn"
Sunny room in modern apartment,89,Private room,12 reviews,"Crown Heights, Brooklyn"
Williamsburg Retro Goodness 2,65,Private room,65 reviews,"Williamsburg, Brooklyn"
"Beautiful, cozy apt in lovely nabe!",116,Entire home/apt,55 reviews,"Lefferts Garden, Brooklyn"
Lively loft in Prime Williamsburg!,207,Entire home/apt,0 reviews,"Williamsburg, Brooklyn"
Beautiful Brooklyn Heights Apt,323,Entire home/apt,10 reviews,"Brooklyn Heights, Brooklyn"
Private Loft/Nest in Williamsburg,88,Private room,12 reviews,"Williamsburg, Brooklyn"
Gorgeous duplex 1 BR Brownstone apt,161,Entire home/apt,22 reviews,"Clinton Hill, Brooklyn"
Vintage Loft in S. Williamsburg,149,Entire home/apt,31 reviews,"Williamsburg, Brooklyn"
Beds Bikes Breakfast (on The Park!),71,Private room,33 reviews,"Flatbush, Brooklyn"
"bright, sunny room in new building",97,Private room,12 reviews,"Red Hook, Brooklyn"
"Minimal,Airy,Authentic Artist Loft",155,Entire home/apt,3 reviews,"Bedford-Stuyvesant, Brooklyn"
Amazing apt with amazing view,128,Entire home/apt,2 reviews,"Williamsburg, Brooklyn"
Williamsburg/Greenpoint Retreat,110,Private room,0 reviews,"Greenpoint, Brooklyn"
Sunny & warm spacious 2BR,78,Entire home/apt,2 reviews,"Bushwick, Brooklyn"
Large Private B&B Style Studio,103,Entire home/apt,46 reviews,"Bedford-Stuyvesant, Brooklyn"
Private Custom Studio w/ Spa Shower,76,Entire home/apt,13 reviews,"Lefferts Garden, Brooklyn"
Big Room close to Prospect Park!,67,Private room,15 reviews,"Crown Heights, Brooklyn"
Winter Special! Charming 3bdrm Loft,194,Entire home/apt,1 review,"Bushwick, Brooklyn"
Waterbury House Brooklyn New York 1,142,Private room,63 reviews,"Williamsburg, Brooklyn"
Sunny Corner Bushwick Room!,65,Private room,2 reviews,"Bedford-Stuyvesant, Brooklyn"
The Black and White Loft,71,Private room,3 reviews,"Williamsburg, Brooklyn"
"Family-friendly, ideal location",226,Entire home/apt,20 reviews,"Carroll Gardens, Brooklyn"
City Skyline Views by Bedford Ave,194,Entire home/apt,14 reviews,"Williamsburg, Brooklyn"
Urban oasis! 2 bedrooms w/ 3 patios,213,Entire home/apt,14 reviews,"Williamsburg, Brooklyn"
Comfy bed in friendly Homestel #3,41,Shared room,24 reviews,"Bedford-Stuyvesant, Brooklyn"
Charming Cozy Studio in BK Heights,149,Entire home/apt,4 reviews,"Brooklyn Heights, Brooklyn"
"Backyard, 3 minutes to Subway!",45,Shared room,27 reviews,"Bedford-Stuyvesant, Brooklyn"
$90/night Lux Highrise,103,Entire home/apt,0 reviews,"Downtown Brooklyn, Brooklyn"
Airy Designer Loft in Williamsburg,310,Entire home/apt,7 reviews,"Williamsburg, Brooklyn"
Northside Williamsburg Loft,129,Private room,41 reviews,"Williamsburg, Brooklyn"
Loft in Williamsburg Area w/ Roof,58,Private room,111 reviews,"Williamsburg, Brooklyn"
Sunny and Stylish Apt on the Park,349,Entire home/apt,3 reviews,"Greenpoint, Brooklyn"
Sunny 1 BR in Carroll Gardens,174,Entire home/apt,6 reviews,"Cobble Hill, Brooklyn"
Loft in the heart of Williamsburg,213,Entire home/apt,6 reviews,"Williamsburg, Brooklyn"
CENTRAL LOCATION - Charming Bedroom,103,Private room,8 reviews,"Clinton Hill, Brooklyn"
Beautiful Spot on Manhattan Ave.,76,Private room,1 review,"Greenpoint, Brooklyn"
Large Room in Williamsburg,65,Private room,1 review,"Williamsburg, Brooklyn"
Home away from Home in Bed-Stuy!,52,Private room,2 reviews,"Bedford-Stuyvesant, Brooklyn"
Cozy room in Brooklyn,84,Private room,3 reviews,"Williamsburg, Brooklyn"
Williamsburg Studio Prime Location!,161,Entire home/apt,9 reviews,"Williamsburg, Brooklyn"
Bright Two Room Studio Apartment,110,Private room,15 reviews,"Greenpoint, Brooklyn"
Gorgeous Room on the Park!,103,Private room,45 reviews,"Williamsburg, Brooklyn"
"Bright, Airy Williamsburg Apt",174,Entire home/apt,10 reviews,"Williamsburg, Brooklyn"
The Yellow Room w/ private bath,65,Private room,9 reviews,"Bushwick, Brooklyn"
Real 1 Br only 3 blocks to L Train!,116,Entire home/apt,18 reviews,"Williamsburg, Brooklyn"
Modern loft with a view to die for!,239,Entire home/apt,3 reviews,"Williamsburg, Brooklyn"
"Budget Luxury, w/ Manhattan Views!",102,Private room,49 reviews,"Williamsburg, Brooklyn"
Cozy 1.5BD in Parkslope Brooklyn,142,Entire home/apt,43 reviews,"Park Slope, Brooklyn"
Garden Suite in Fort Greene,116,Entire home/apt,74 reviews,"Fort Greene, Brooklyn"
"Steps From Art, Shopping & Eats",194,Entire home/apt,11 reviews,"Prospect Heights, Brooklyn"
Farmhouse with backyard chickens,103,Private room,5 reviews,"Flatbush, Brooklyn"
Bohemian 1bd in Trendy Neighborhood,102,Private room,5 reviews,"Clinton Hill, Brooklyn"
Great location w/ Terrace! W&D!,161,Entire home/apt,2 reviews,"Williamsburg, Brooklyn"
Master suite in 3BR- heart of wburg,63,Private room,18 reviews,"Williamsburg, Brooklyn"
garden sunshine apt. clinton hill,168,Entire home/apt,7 reviews,"Clinton Hill, Brooklyn"
Sunny Room in Bushwick,161,Private room,17 reviews,"Williamsburg, Brooklyn"
Your own studio in Bed- Stuy.,58,Entire home/apt,12 reviews,"Bedford-Stuyvesant, Brooklyn"
Bedroom+Entire Floor in Huge House,103,Private room,3 reviews,"Lefferts Garden, Brooklyn"
"Quaint, beautiful studio Brooklyn",194,Entire home/apt,35 reviews,"Boerum Hill, Brooklyn"
Amazing views of NY spacious 2 BDR,491,Entire home/apt,6 reviews,"Greenpoint, Brooklyn"
"Exquisite MasterSuite, Private Bath",136,Entire home/apt,38 reviews,"Gowanus, Brooklyn"
"Cozy, Cute and Convenient Nook!",84,Private room,46 reviews,"Boerum Hill, Brooklyn"
"Brand New, Cozy Apt in Williamsburg",97,Private room,1 review,"Williamsburg, Brooklyn"
Charming Williamsburg Apartment,310,Entire home/apt,18 reviews,"Williamsburg, Brooklyn"
"Big WBurg Rm, 5 min from L, Fits 4!",90,Private room,4 reviews,"Williamsburg, Brooklyn"
Spacious Flat in Williamsburg,207,Entire home/apt,13 reviews,"Williamsburg, Brooklyn"
"Quiet, bright, best BKLN location!",194,Entire home/apt,2 reviews,"Boerum Hill, Brooklyn"
Private 1BR @ Spacious Sunny Duplex,70,Private room,9 reviews,"Bushwick, Brooklyn"
Nice & bright room in Bushwick,45,Private room,8 reviews,"Bushwick, Brooklyn"
"Private, Peaceful Garden-View Room",71,Private room,6 reviews,"Crown Heights, Brooklyn"
Cozy & Comfy in Bedstuy,65,Private room,17 reviews,"Bedford-Stuyvesant, Brooklyn"
Luxury Loft Private Room B (3C),129,Private room,13 reviews,"Williamsburg, Brooklyn"
Modern Cozy Brownstone Apartment,123,Private room,43 reviews,"Williamsburg, Brooklyn"
Private Room In a Modern HUGE Loft,128,Private room,38 reviews,"Williamsburg, Brooklyn"
Airy and Bright Loft -Williamsburg,257,Entire home/apt,25 reviews,"Williamsburg, Brooklyn"
Sunny Private Williamsburg room,129,Private room,12 reviews,"Williamsburg, Brooklyn"
Beautiful new one bedroom apartment,128,Entire home/apt,48 reviews,"Bedford-Stuyvesant, Brooklyn"
Spacious Park Slope brownstone,174,Entire home/apt,5 reviews,"Park Slope, Brooklyn"
Private Garden 2 Br,373,Entire home/apt,9 reviews,"Williamsburg, Brooklyn"
Private Bedroom with private bath#1,84,Private room,13 reviews,"Bushwick, Brooklyn"
"Room in modern, Brooklyn apartment",84,Private room,34 reviews,"Bedford-Stuyvesant, Brooklyn"
"Williamsburg Apt.near L,M,J,G train",103,Private room,5 reviews,"Williamsburg, Brooklyn"
Great Loft - Private Room & Bath,142,Private room,66 reviews,"Windsor Terrace, Brooklyn"
Modern Minimalist Williamsburg Loft,244,Entire home/apt,94 reviews,"Greenpoint, Brooklyn"
Luxury 2 bedroom with park view,323,Entire home/apt,2 reviews,"Williamsburg, Brooklyn"
Spacious Williamsburg/Bushwick loft,93,Private room,79 reviews,"Bedford-Stuyvesant, Brooklyn"
Specious room in Brooklyn!!,97,Private room,4 reviews,"Crown Heights, Brooklyn"
Picture Perfect Brooklyn Apartment,97,Private room,1 review,"Brooklyn Heights, Brooklyn"
Brand New Apartment in Brooklyn!!,97,Private room,9 reviews,"Sunset Park, Brooklyn"
"HISTORIC WILLIAMSBURG, BKLYN",252,Entire home/apt,33 reviews,"Williamsburg, Brooklyn"
"Sunny, Large, Park Slope Bedroom",136,Private room,79 reviews,"Park Slope, Brooklyn"
Bright 1BD in Greenpoint,142,Entire home/apt,7 reviews,"Greenpoint, Brooklyn"
Sun-drenched 1 Bedroom on the Park,167,Entire home/apt,25 reviews,"Greenpoint, Brooklyn"
Sunny 1 or 2 BR apt in Boerum Hill,231,Entire home/apt,70 reviews,"Boerum Hill, Brooklyn"
Open Design Williamsburg Loft,360,Entire home/apt,51 reviews,"Williamsburg, Brooklyn"
"Sunny, Large & Lovely in Greenpoint",388,Entire home/apt,26 reviews,"Greenpoint, Brooklyn"
Lovely Room in Gorgeous BK Brwnstn!,116,Private room,14 reviews,"Bedford-Stuyvesant, Brooklyn"
Beautiful 1BR heart of Williamsburg,155,Entire home/apt,11 reviews,"Williamsburg, Brooklyn"
Studio in heart of Williamsburg,142,Entire home/apt,5 reviews,"Williamsburg, Brooklyn"
B Luxury Private Room Duplex Loft,129,Private room,15 reviews,"Williamsburg, Brooklyn"
COMFY ROOM #2 ~ AMAZING LOCATION!,167,Private room,66 reviews,"Williamsburg, Brooklyn"
Light+Open+Airy+Rustic+Modern Loft,194,Entire home/apt,151 reviews,"Williamsburg, Brooklyn"
A cozy place in Brooklyn!,84,Private room,14 reviews,"Kensington, Brooklyn"
Large Sunny 1BR - Entire 2nd Floor,180,Entire home/apt,66 reviews,"Greenpoint, Brooklyn"
Fun Comfy & Cozy apt Near Subway,243,Entire home/apt,11 reviews,"Williamsburg, Brooklyn"
Luxury Williamsburg Brooklyn,180,Private room,4 reviews,"Williamsburg, Brooklyn"
Loft 15min. to Manhattan,127,Entire home/apt,22 reviews,"Bushwick, Brooklyn"
Quiet and Stylish in Brooklyn,168,Entire home/apt,24 reviews,"Greenpoint, Brooklyn"
Brilliant Apartment in Williamsburg,257,Entire home/apt,0 reviews,"Williamsburg, Brooklyn"
Cozy 1 Bedroom in Clinton Hill,155,Entire home/apt,30 reviews,"Clinton Hill, Brooklyn"
#3~Studio Suite-10 mins Manhattan!,128,Entire home/apt,37 reviews,"Clinton Hill, Brooklyn"
Bunk in Brooklyn,32,Shared room,35 reviews,"Crown Heights, Brooklyn"
Luxury Modern Loft,257,Entire home/apt,7 reviews,"Williamsburg, Brooklyn"
"Comfortable, Lovely Room on L Train",63,Private room,12 reviews,"Bushwick, Brooklyn"
Lovely New Condo in Carroll Gardens,207,Entire home/apt,38 reviews,"Carroll Gardens, Brooklyn"
Room in Charming Brooklyn Home,129,Private room,27 reviews,"Carroll Gardens, Brooklyn"
Fantastic Views and Great Location,58,Shared room,12 reviews,"Greenwood Heights, Brooklyn"
BEAUTIFUL  2BR  20MINS FROM CITY!,109,Entire home/apt,99 reviews,"Bushwick, Brooklyn"
Cozy room in nyc!,63,Private room,154 reviews,"Crown Heights, Brooklyn"
Sunny loft in Bushwick - Morgan L,97,Private room,19 reviews,"Bushwick, Brooklyn"
Large Room in 1920s Kensington Home,78,Private room,1 review,"Kensington, Brooklyn"
Private bed in Bedstuy cozy & nice.,84,Private room,5 reviews,"Bedford-Stuyvesant, Brooklyn"
Cute Room In our Williamsburg Share,102,Private room,116 reviews,"Williamsburg, Brooklyn"
Private room in Fort Greene Bklyn,110,Private room,17 reviews,"Fort Greene, Brooklyn"
"Sunny & Cozy Room, LGBTQ Friendly",84,Private room,23 reviews,"Park Slope, Brooklyn"
Clean Private Room (in Brooklyn),80,Private room,77 reviews,"Greenpoint, Brooklyn"
Mid-Century Modern Garden Paradise,128,Entire home/apt,23 reviews,"Bushwick, Brooklyn"
Charming Townhouse 2BD/2BTH w Patio,239,Entire home/apt,73 reviews,"Clinton Hill, Brooklyn"
Spacious and Original Apartment,149,Entire home/apt,1 review,"Williamsburg, Brooklyn"
Full Floor Apt w/ NY Skyline Views,142,Private room,17 reviews,"Williamsburg, Brooklyn"
cozy room in sun-soaked respite.,76,Private room,16 reviews,"Crown Heights, Brooklyn"
Hinds Residential Suites Room 1-3,52,Private room,18 reviews,"Bedford-Stuyvesant, Brooklyn"
Artist Flat Share,74,Private room,3 reviews,"Williamsburg, Brooklyn"
Spacious Carroll Gardens Apartment,142,Entire home/apt,6 reviews,"Boerum Hill, Brooklyn"
Large  Loft Style  Studio  Space,129,Entire home/apt,66 reviews,"Bedford-Stuyvesant, Brooklyn"
BEAUTIFUL  2BR  20MINS FROM CITY!,109,Entire home/apt,99 reviews,"Bushwick, Brooklyn"
*Sunny Airy 1BR Loft Williamsburg*,123,Entire home/apt,59 reviews,"Williamsburg, Brooklyn"
wonderful 2 bed loft w city views,388,Entire home/apt,33 reviews,"Williamsburg, Brooklyn"
Large sunny room in Browstone,71,Private room,2 reviews,"Bedford-Stuyvesant, Brooklyn"
Wonderful Flat - Carroll Gardens,155,Entire home/apt,12 reviews,"Carroll Gardens, Brooklyn"
Picture Perfect Brooklyn Apartment,97,Private room,1 review,"Brooklyn Heights, Brooklyn"
Bohemian Brooklyn Experience,103,Entire home/apt,3 reviews,"Crown Heights, Brooklyn"
Private Room & private Bathroom,97,Private room,7 reviews,"Williamsburg, Brooklyn"
Bedford Stop. Great & bright space!,220,Entire home/apt,44 reviews,"Williamsburg, Brooklyn"
Private Room & private Bathroom,97,Private room,7 reviews,"Williamsburg, Brooklyn"
Bedford Stop. Great & bright space!,220,Entire home/apt,44 reviews,"Williamsburg, Brooklyn"
Spacious Comfy Bedroom in Bed-Stuy,78,Private room,11 reviews,"Bedford-Stuyvesant, Brooklyn"
"Sunny, Quiet and Convenient Room",78,Private room,62 reviews,"Williamsburg, Brooklyn"
Light-Filled Haven in Park Slope,174,Entire home/apt,9 reviews,"Park Slope, Brooklyn"
Sunny beautiful br in Williamsburg,71,Private room,8 reviews,"Williamsburg, Brooklyn"
Room with rooftop on Bedford Ave,97,Private room,2 reviews,"Williamsburg, Brooklyn"
Oasis Loft in the Heart of Bushwick,129,Entire home/apt,13 reviews,"Williamsburg, Brooklyn"
"Sunny, delightful Clinton Hill home",149,Entire home/apt,7 reviews,"Clinton Hill, Brooklyn"
Brooklyn Bedroom w/ Bathroom,39,Private room,1 review,"Bay Ridge, Brooklyn"
Private room in great location,78,Private room,6 reviews,"Gowanus, Brooklyn"
Sunny Private Room,90,Private room,0 reviews,"Williamsburg, Brooklyn"
Private room in north Park Slope,97,Private room,34 reviews,"Park Slope, Brooklyn"
Sunny Room in the heart of W'burg,84,Private room,26 reviews,"Williamsburg, Brooklyn"
Private Studio in S. Williamsburg!,129,Entire home/apt,7 reviews,"Williamsburg, Brooklyn"
"Large, comfy 1br in Williamsburg!",123,Entire home/apt,0 reviews,"Williamsburg, Brooklyn"
Studio 10 mins From Manhattan !,129,Entire home/apt,32 reviews,"Fort Greene, Brooklyn"
Sunny Studio in Prime Williamsburg,149,Entire home/apt,6 reviews,"Williamsburg, Brooklyn"
C Private Room Luxury Duplex Loft,129,Private room,11 reviews,"Williamsburg, Brooklyn"
"Unique, SUSTAINABLE, Convenient!",207,Entire home/apt,81 reviews,"Williamsburg, Brooklyn"
Adorable Duplex Apt in Williamsburg,194,Entire home/apt,1 review,"Williamsburg, Brooklyn"
Private Room in Williamsburg Loft G,97,Private room,14 reviews,"Williamsburg, Brooklyn"
Beautiful Loft w/ Private Terrace!,128,Entire home/apt,6 reviews,"Fort Greene, Brooklyn"
Sunny Victorian Brownstone Apt.,194,Entire home/apt,17 reviews,"Park Slope, Brooklyn"
Cozy Park Slope Apartment w/ View,154,Entire home/apt,6 reviews,"Park Slope, Brooklyn"
We Moved! Visit Our Bed-Stuy Apt!,207,Entire home/apt,15 reviews,"Williamsburg, Brooklyn"
Large sunny room across from park,78,Private room,3 reviews,"Bushwick, Brooklyn"
"Large Bedroom, Stunning Apartment!",181,Private room,24 reviews,"Williamsburg, Brooklyn"
January SALE! Brooklyn Art Chic,97,Private room,2 reviews,"Boerum Hill, Brooklyn"
Large Sunny loft in doorman bldg,129,Entire home/apt,2 reviews,"Brooklyn Navy Yard, Brooklyn"
1 BR Apt- Hip Williamsburg w/bikes!,187,Entire home/apt,6 reviews,"Williamsburg, Brooklyn"
"1 Bedroom, heart of Williamsburg",181,Entire home/apt,19 reviews,"Williamsburg, Brooklyn"
HUGE ROOM 1 - 15 MINUTES >MANHATTAN,101,Private room,21 reviews,"Bushwick, Brooklyn"
"Sun-filled, Quiet, Eclectic apt",94,Private room,1 review,"Park Slope, Brooklyn"
"Budget Luxury, w/ Manhattan Views!",102,Private room,49 reviews,"Williamsburg, Brooklyn"
"Bright, open layout brownstone 1bd",129,Entire home/apt,0 reviews,"Crown Heights, Brooklyn"
Boerum Hill 2BR Garden Apartment,220,Entire home/apt,33 reviews,"Gowanus, Brooklyn"
"Huge Brooklyn Loft w/Deck, NYC View",84,Private room,39 reviews,"Bedford-Stuyvesant, Brooklyn"
B -Luxury Private Room w/Courtyard,155,Private room,21 reviews,"Williamsburg, Brooklyn"
"Private bathroom, private rooftop!!",128,Private room,3 reviews,"Williamsburg, Brooklyn"
"Unique 2 floor loft, Prime Wburg",322,Entire home/apt,6 reviews,"Williamsburg, Brooklyn"
"Spacious 2 br, Heart of Greenpoint",239,Entire home/apt,14 reviews,"Greenpoint, Brooklyn"
A charming shared room,39,Shared room,11 reviews,"Bedford-Stuyvesant, Brooklyn"
Great room in Ditmas park!,71,Private room,6 reviews,"Flatbush, Brooklyn"
Huge Room with Private Entrance!,71,Private room,36 reviews,"Bushwick, Brooklyn"
"Backyard, 3 minutes to Subway!",45,Shared room,27 reviews,"Bedford-Stuyvesant, Brooklyn"
"Cobble Hill, Brooklyn, townhouse BR",194,Private room,3 reviews,"Cobble Hill, Brooklyn"
MASSIVE SUITE + PRIVATE BATHROOM!!!,136,Private room,14 reviews,"Bushwick, Brooklyn"
Private Room in a two bedroom apt.,97,Private room,22 reviews,"Bushwick, Brooklyn"
Private room in Williamsburg,161,Private room,23 reviews,"Williamsburg, Brooklyn"
Beautiful central bright loft apt.,258,Entire home/apt,39 reviews,"Williamsburg, Brooklyn"
"Clean & Quiet BR in Sunset Park, BK",90,Private room,41 reviews,"Sunset Park, Brooklyn"
Brooklyn 3BR Near Subways,155,Entire home/apt,17 reviews,"Crown Heights, Brooklyn"
Bright Roomy Quiet Clean 3 bdr apt,129,Entire home/apt,6 reviews,"Greenpoint, Brooklyn"
"Big bright room, great neighborhood",88,Private room,7 reviews,"Windsor Terrace, Brooklyn"
"Big 2 bdrm in DUMBO, Brooklyn, NY",226,Entire home/apt,29 reviews,"DUMBO, Brooklyn"
Best Room in Bushwick,58,Private room,17 reviews,"Bushwick, Brooklyn"
City Sanctuary in Best Part of Bkln,84,Private room,43 reviews,"Fort Greene, Brooklyn"
Charming Room in Hip Williamsburg,78,Private room,4 reviews,"Williamsburg, Brooklyn"
Williamsburg! Walk 2 NYC!!!,65,Private room,110 reviews,"Williamsburg, Brooklyn"
Comforts in Bushwick Brooklyn,90,Private room,47 reviews,"Bushwick, Brooklyn"
Minimalist loft in Williamsburg,244,Entire home/apt,28 reviews,"Williamsburg, Brooklyn"
2BDR Apt with Stunning Roof Terrace,154,Entire home/apt,6 reviews,"Greenwood Heights, Brooklyn"
beautiful brownstone,165,Entire home/apt,28 reviews,"Bedford-Stuyvesant, Brooklyn"
"Spacious, modern Apartment",194,Private room,26 reviews,"Williamsburg, Brooklyn"
Vegetarian Artists Zen Happy Co-Op,97,Private room,0 reviews,"Williamsburg, Brooklyn"
Beds Bikes Breakfast (on The Park!),71,Private room,33 reviews,"Flatbush, Brooklyn"
2BR/1BA w/ garden! in Williamsburg,194,Entire home/apt,67 reviews,"Greenpoint, Brooklyn"
C King Bed Awesome Luxury Apt,129,Private room,22 reviews,"Williamsburg, Brooklyn"
Bedroom in an Artists PkSlope home,194,Private room,19 reviews,"Park Slope, Brooklyn"
Private Room in South Williamsburg for an Amazing NYC Experience!,134,Private room,38 reviews,"Williamsburg, Brooklyn"
Unique SHARED Rm 4 Single & Groups],37,Shared room,4 reviews,"Williamsburg, Brooklyn"
Palace in the Sky,381,Entire home/apt,17 reviews,"Williamsburg, Brooklyn"
Spacious 1BR in Prime Fort Greene,258,Entire home/apt,9 reviews,"Fort Greene, Brooklyn"
Private Room in WILLIAMSBURG,116,Private room,10 reviews,"Williamsburg, Brooklyn"
Spacious and Light Brooklyn Loft,284,Entire home/apt,7 reviews,"Williamsburg, Brooklyn"
Beautiful Studio Apartment,123,Private room,27 reviews,"Park Slope, Brooklyn"
Room in Duplex apartment (2Beds),129,Private room,6 reviews,"Fort Greene, Brooklyn"
Comfy bed in friendly Homestel #A,43,Shared room,26 reviews,"Bedford-Stuyvesant, Brooklyn"
Large Sunny Rm-6th Fl View/Elevator,97,Private room,31 reviews,"Kensington, Brooklyn"
2 Bedrooms with Panoramic View,168,Entire home/apt,6 reviews,"Crown Heights, Brooklyn"
Cozy 2 Bedroom Bushwick Retreat,187,Entire home/apt,15 reviews,"Bushwick, Brooklyn"
"Lovely, cozy loft Carroll Gardens",167,Entire home/apt,82 reviews,"Gowanus, Brooklyn"
Private Bedroom in the loft,78,Private room,14 reviews,"Bushwick, Brooklyn"
"Gorgeous, bright and spacious!",245,Entire home/apt,14 reviews,"Brooklyn Heights, Brooklyn"
COMFORT AND CONVENIENCE IN THE CITY,84,Private room,29 reviews,"Bedford-Stuyvesant, Brooklyn"
Lofty Townhouse Duplex w/ Roof Deck,218,Entire home/apt,46 reviews,"Park Slope, Brooklyn"
Beautiful Bright Williamsburg Apt.,214,Entire home/apt,1 review,"Williamsburg, Brooklyn"
Colorful Garden Studio in Wburg,174,Entire home/apt,26 reviews,"Williamsburg, Brooklyn"
Winter Special for a Happy NewYear,187,Entire home/apt,189 reviews,"Park Slope, Brooklyn"
Private Bedroom in the loft,78,Private room,14 reviews,"Bushwick, Brooklyn"
"Gorgeous, bright and spacious!",245,Entire home/apt,14 reviews,"Brooklyn Heights, Brooklyn"
COMFORT AND CONVENIENCE IN THE CITY,84,Private room,29 reviews,"Bedford-Stuyvesant, Brooklyn"
Lofty Townhouse Duplex w/ Roof Deck,218,Entire home/apt,46 reviews,"Park Slope, Brooklyn"
Beautiful Bright Williamsburg Apt.,214,Entire home/apt,1 review,"Williamsburg, Brooklyn"
Colorful Garden Studio in Wburg,174,Entire home/apt,26 reviews,"Williamsburg, Brooklyn"
Winter Special for a Happy NewYear,187,Entire home/apt,189 reviews,"Park Slope, Brooklyn"
Sunny Spacious Comfy Bedroom GP,71,Private room,2 reviews,"Greenpoint, Brooklyn"
"Private room, williamsburg NYC!!!!!",76,Private room,16 reviews,"Williamsburg, Brooklyn"
BIG 2 Bed/2 Bath in Prime Brooklyn!,258,Entire home/apt,19 reviews,"Cobble Hill, Brooklyn"
NYC getaway in Park Slope Brooklyn!,89,Private room,30 reviews,"Park Slope, Brooklyn"
Refined Victorian 2BR Brownstone,348,Entire home/apt,5 reviews,"Clinton Hill, Brooklyn"
Stay in the heart of Prospect Hts!,161,Entire home/apt,2 reviews,"Prospect Heights, Brooklyn"
Parlor floor in Brooklyn brownstone,123,Entire home/apt,49 reviews,"Crown Heights, Brooklyn"
Charming 3bdrm Loft~Bed & Bagel!,252,Entire home/apt,38 reviews,"Bushwick, Brooklyn"
Loft Studio with Private Deck,258,Entire home/apt,1 review,"Williamsburg, Brooklyn"
Bright studio apartment,84,Entire home/apt,6 reviews,"Lefferts Garden, Brooklyn"
Private Room in Classic Loft,97,Private room,81 reviews,"Greenpoint, Brooklyn"
"Incredible location, stunning view!",220,Entire home/apt,6 reviews,"Downtown Brooklyn, Brooklyn"
Lovely studio off the Bedford L,161,Entire home/apt,11 reviews,"Williamsburg, Brooklyn"
HIP ROOM 2 PRIME CHIC WILLYBURG!!,129,Private room,16 reviews,"Williamsburg, Brooklyn"
Brooklyn apt for the holidays!,123,Private room,0 reviews,"Greenpoint, Brooklyn"
E Williamsburg Artist Retreat;Beige,76,Private room,49 reviews,"Williamsburg, Brooklyn"
BUDGET ROOM ~ BEST LOCATION!! #3,115,Private room,69 reviews,"Williamsburg, Brooklyn"
"LARGE PRIVATE FLOOR IN BROOKLYN, NY",116,Entire home/apt,83 reviews,"Bedford-Stuyvesant, Brooklyn"
Cozy Bedroom in Williamsburg 2 BR,103,Private room,72 reviews,"Williamsburg, Brooklyn"
"Beautiful, light Apt in Ft Greene",226,Entire home/apt,21 reviews,"Fort Greene, Brooklyn"
Cozy room in newly renovated 2BR,74,Private room,2 reviews,"Williamsburg, Brooklyn"
Stunning and Modern next to Park,128,Entire home/apt,19 reviews,"Prospect Heights, Brooklyn"
Peaceful Sanctuary in Trendy Hood,155,Entire home/apt,15 reviews,"Crown Heights, Brooklyn"
Private Garden Level Apartment,168,Entire home/apt,72 reviews,"Crown Heights, Brooklyn"
Cozy room in warehouse style apt,76,Private room,34 reviews,"Williamsburg, Brooklyn"
Private bedroom in awesome loft apt,97,Private room,15 reviews,"Williamsburg, Brooklyn"
The Williamsburg Special,79,Private room,32 reviews,"Williamsburg, Brooklyn"
Strawberry B&B,90,Private room,24 reviews,"Bushwick, Brooklyn"
Spacious 1 BR In Prime Williamsburg,181,Entire home/apt,31 reviews,"Williamsburg, Brooklyn"
"Incredible location, stunning view!",220,Entire home/apt,6 reviews,"Downtown Brooklyn, Brooklyn"
Spacious room in beautiful Brooklyn,90,Private room,7 reviews,"Cobble Hill, Brooklyn"
"Hip Williamsburg Loft, Graham L",84,Private room,10 reviews,"Williamsburg, Brooklyn"
Williamsburg Luxury-Steps To Subway,116,Private room,162 reviews,"Williamsburg, Brooklyn"
Williamsburg 2 BEDROOM LOFT Share,78,Private room,1 review,"Williamsburg, Brooklyn"
Spacious Heart of Ft. Greene Studio,129,Entire home/apt,31 reviews,"Fort Greene, Brooklyn"
Spacious Suite in Brownstone,110,Entire home/apt,7 reviews,"Bedford-Stuyvesant, Brooklyn"
HIP ROOM 2 PRIME CHIC WILLYBURG!!,129,Private room,16 reviews,"Williamsburg, Brooklyn"
Luxury Penthouse with Terrace,452,Entire home/apt,3 reviews,"Williamsburg, Brooklyn"
Modern Apartment - Private Bed/Bath,180,Private room,6 reviews,"Williamsburg, Brooklyn"
Cozy 3 bedroom with Backyard!,207,Entire home/apt,12 reviews,"Bedford-Stuyvesant, Brooklyn"
"NYC, Modern & Comfortable. THE ONE",257,Entire home/apt,54 reviews,"Williamsburg, Brooklyn"
"Room in modern, Brooklyn apartment",84,Private room,34 reviews,"Bedford-Stuyvesant, Brooklyn"
Private room with sleeping loft,58,Private room,14 reviews,"Williamsburg, Brooklyn"
"Comfy, Private Bedroom in Brooklyn",84,Private room,34 reviews,"East Flatbush, Brooklyn"
Top Floor across from Prospect Park,194,Entire home/apt,7 reviews,"Windsor Terrace, Brooklyn"
Large room with terrace by subway,90,Private room,48 reviews,"Bedford-Stuyvesant, Brooklyn"
"small bedroom in BK, Prospect Park.",71,Private room,22 reviews,"Lefferts Garden, Brooklyn"
Brooklyn Home on Von King Park,97,Private room,3 reviews,"Bedford-Stuyvesant, Brooklyn"
Amazing private room,97,Private room,1 review,"Williamsburg, Brooklyn"
C Private Room Luxury Duplex Loft,129,Private room,11 reviews,"Williamsburg, Brooklyn"
Cozy Room in Full Apartment,90,Private room,2 reviews,"Crown Heights, Brooklyn"
"Rancho Deluxe, Williamsburg!",258,Entire home/apt,39 reviews,"Williamsburg, Brooklyn"
Incredible Views in Williamsburg,174,Entire home/apt,4 reviews,"Williamsburg, Brooklyn"
Comfy room and Amazing View,52,Private room,11 reviews,"Bushwick, Brooklyn"
Nice Bedroom in Williamsburg Loft,102,Private room,9 reviews,"Williamsburg, Brooklyn"
SUNNY ROOM  IN PRIME WILLIAMSBURG,78,Private room,0 reviews,"Williamsburg, New York"
"Cozy Private Bedroom, Brooklyn NYC",52,Private room,7 reviews,"Crown Heights, Brooklyn"
Williamsburg crashpad,136,Private room,8 reviews,"Williamsburg, Brooklyn"
Private room in a brownstone,103,Private room,16 reviews,"Bedford-Stuyvesant, Brooklyn"
Truly cozy room in the Slope,65,Private room,4 reviews,"Gowanus, Brooklyn"
Super Cute Brooklyn Studio Apt,123,Entire home/apt,15 reviews,"Bedford-Stuyvesant, Brooklyn"
Sunny Loft in Brooklyn by River,323,Entire home/apt,3 reviews,"Williamsburg, Brooklyn"
Skylight Room-Close to Subway,45,Private room,7 reviews,"Bedford-Stuyvesant, Brooklyn"
STUDIO APT 1. IN LEFFERTS GARDENS,129,Entire home/apt,26 reviews,"Lefferts Garden, Brooklyn"
Beautiful 1 br in Williamsburg,194,Entire home/apt,12 reviews,"Williamsburg, Brooklyn"
Cute 1BR - Entire apt - Bedford L,207,Entire home/apt,2 reviews,"Williamsburg, Brooklyn"
Brooklyn Boheme,58,Private room,8 reviews,"Bedford-Stuyvesant, Brooklyn"
Waterbury House Brooklyn New York 2,136,Private room,61 reviews,"Williamsburg, Brooklyn"
"Sunny, New, Private 2bdr apt!",129,Entire home/apt,0 reviews,"Bedford-Stuyvesant, Brooklyn"
1901 charming townhouse,284,Entire home/apt,5 reviews,"Kensington, Brooklyn"
La Hacienda --- Comfy Burg 2br,218,Entire home/apt,37 reviews,"Williamsburg, Brooklyn"
+++ Brooklyn Lodge & Rooftop  +++,128,Private room,12 reviews,"Williamsburg, Brooklyn"
Studio in Downtown Brooklyn,181,Entire home/apt,17 reviews,"Downtown Brooklyn, Brooklyn"
Great 1 Bedroom  in Williamsburg!,128,Entire home/apt,43 reviews,"Williamsburg, Brooklyn"
Charming Sunny Home Away from Home,90,Private room,12 reviews,"Windsor Terrace, Brooklyn"
9 A Private Room Lux Loft,129,Private room,9 reviews,"Williamsburg, Brooklyn"
"Modern, Chic Brooklyn Duplex",76,Private room,63 reviews,"Clinton Hill, Brooklyn"
"Beautiful, large, charming spot",245,Entire home/apt,11 reviews,"Williamsburg, Brooklyn"
Serenity Near Manhattan,128,Entire home/apt,11 reviews,"Bedford-Stuyvesant, Brooklyn"
Spacious Sunny Park Slope Penthouse,258,Entire home/apt,8 reviews,"Park Slope, Brooklyn"
Cozy one bedroom on Bedford Ave,128,Entire home/apt,11 reviews,"Williamsburg, Brooklyn"
Charming room near Park & Museum!,62,Private room,4 reviews,"Prospect Heights, Brooklyn"
Inspiring spacious loft space,129,Private room,10 reviews,"Williamsburg, Brooklyn"
"Modern, Chic Brooklyn Duplex",76,Private room,63 reviews,"Clinton Hill, Brooklyn"
"Beautiful, large, charming spot",245,Entire home/apt,11 reviews,"Williamsburg, Brooklyn"
Serenity Near Manhattan,128,Entire home/apt,11 reviews,"Bedford-Stuyvesant, Brooklyn"
Spacious Sunny Park Slope Penthouse,258,Entire home/apt,8 reviews,"Park Slope, Brooklyn"
Cozy one bedroom on Bedford Ave,128,Entire home/apt,11 reviews,"Williamsburg, Brooklyn"
Charming room near Park & Museum!,62,Private room,4 reviews,"Prospect Heights, Brooklyn"
Inspiring spacious loft space,129,Private room,10 reviews,"Williamsburg, Brooklyn"
BUDGET ROOM ~ BEST LOCATION!! #2,115,Private room,77 reviews,"Williamsburg, Brooklyn"
♥ Feel@HOME Brooklyn Clinton Hill ♥,127,Entire home/apt,62 reviews,"Bedford-Stuyvesant, Brooklyn"
Cozy Room - Great Brooklyn Location,90,Private room,27 reviews,"Prospect Heights, Brooklyn"
*Lowered Rates* Healthy Home @ Park,75,Private room,8 reviews,"Flatbush, Brooklyn"
Holiday Time in NY - Oh My!!,116,Private room,53 reviews,"Crown Heights, Brooklyn"
Beautiful Red Hook on NY Bay!,258,Entire home/apt,1 review,"Red Hook, Brooklyn"
Cozy Brownstone Room- Jan/Feb Offer,56,Private room,9 reviews,"Crown Heights, Brooklyn"
Triplex Penthouse in New York,258,Entire home/apt,7 reviews,"Williamsburg, Brooklyn"
Charming Boutique Room in Bushwick,71,Private room,25 reviews,"Bushwick, Brooklyn"
"Cute, hip room in E. Williamsburg!",87,Private room,37 reviews,"Bushwick, Brooklyn"
"Luxury Modern Bedroom Brooklyn, NYC",54,Private room,10 reviews,"Crown Heights, Brooklyn"
Sun-filled gem in Carroll Gardens1,140,Private room,6 reviews,"Cobble Hill, Brooklyn"
"Beautiful room - Bushwick, Brooklyn",116,Private room,5 reviews,"Bushwick, Brooklyn"
Central Wburg Plant-Filled 1BR,258,Entire home/apt,7 reviews,"Williamsburg, Brooklyn"
Comfortable Modern Room in Bed-Stuy,78,Private room,42 reviews,"Bedford-Stuyvesant, Brooklyn"
Spacious Studio with Parking,89,Entire home/apt,66 reviews,"Bushwick, Brooklyn"
"Sunny, beautiful Brooklyn abode",239,Entire home/apt,12 reviews,"Williamsburg, Brooklyn"
Brooklyn Budget Williamsburg NYC 1,65,Private room,92 reviews,"Williamsburg, Brooklyn"
"Beautiful, Lux apt in Williamsburg",245,Entire home/apt,21 reviews,"Greenpoint, Brooklyn"
Stunning 1500 Sq Ft Designer Loft,291,Entire home/apt,37 reviews,"Williamsburg, Brooklyn"
Williamsburg on Wythe - Private BR+,194,Private room,15 reviews,"Williamsburg, Brooklyn"
Our Big-Clean-Cozy-Chic-Unique Home,142,Entire home/apt,5 reviews,"Bushwick, Brooklyn"
"Huge room, private and simplistic.",136,Private room,54 reviews,"Williamsburg, Brooklyn"
Bedroom with Garden at the Back,90,Private room,114 reviews,"Clinton Hill, Brooklyn"
Large and sunny bedroom in Brooklyn,84,Private room,29 reviews,"Crown Heights, Brooklyn"
Private Room in WBerg Flat 4B,116,Private room,31 reviews,"Williamsburg, Brooklyn"
Cozy oasis in heart of Williamsburg,65,Private room,6 reviews,"Williamsburg, Brooklyn"
Bushwick Loft - Huge sunny room,116,Private room,18 reviews,"Bushwick, Brooklyn"
Private Room in WBerg Flat 4D,116,Private room,18 reviews,"Williamsburg, Brooklyn"
Queen Sleeper Sofa w/ Outdoor Deck,89,Shared room,26 reviews,"Clinton Hill, Brooklyn"
Large room in two-story Brownstown,114,Private room,0 reviews,"Prospect Heights, Brooklyn"
"Tasteful, calm, central 2BR/2Baths",317,Entire home/apt,6 reviews,"Williamsburg, Brooklyn"
"Fresh, Clean Brooklyn Garden Apt.",194,Entire home/apt,70 reviews,"Clinton Hill, Brooklyn"
Boutique Williamsburg 1 bedroom apt,258,Entire home/apt,13 reviews,"Williamsburg, Brooklyn"
Charming 1 bedroom w/ backyard,194,Entire home/apt,4 reviews,"Gowanus, Brooklyn"
Spacious 1 BR apt in Clinton Hill,123,Entire home/apt,0 reviews,"Clinton Hill, Brooklyn"
Quiet Park Slope Apt Near All,245,Entire home/apt,24 reviews,"Park Slope, Brooklyn"
2 Bed/2 Bath in Williamsburg w/View,452,Entire home/apt,2 reviews,"Williamsburg, Brooklyn"
Loft Bedroom in Popular Bushwick,84,Private room,10 reviews,"Bushwick, Brooklyn"
Private Sunny Elegant 2BDR En Suite,129,Entire home/apt,72 reviews,"Bedford-Stuyvesant, Brooklyn"
Luxury Rental In Downtown Brooklyn,252,Entire home/apt,30 reviews,"Downtown Brooklyn, Brooklyn"
Perfect Open-plan in Clinton Hill,204,Entire home/apt,17 reviews,"Clinton Hill, Brooklyn"
Comfortable 1 Bedroom in Greenpoint,194,Entire home/apt,27 reviews,"Greenpoint, Brooklyn"
Magic in Cobble Hill!,90,Private room,44 reviews,"Brooklyn Heights, Brooklyn"
Modern Living in Trendy Brooklyn,239,Entire home/apt,31 reviews,"Boerum Hill, Brooklyn"
New York/Brooklyn whole house,452,Entire home/apt,2 reviews,"Williamsburg, Brooklyn"
Master bedroom w/ private ensuite,123,Private room,5 reviews,"Greenpoint, Brooklyn"
Comfy & Quiet stay in Greenpoint!,83,Private room,107 reviews,"Greenpoint, Brooklyn"
Subletting a room in a 2 BR apt,97,Private room,2 reviews,"Kensington, Brooklyn"
Sunny Bedroom in Williamsburg Loft,123,Private room,18 reviews,"Williamsburg, Brooklyn"
Spacious Duplex in Williamsburg!,226,Entire home/apt,1 review,"Williamsburg, Brooklyn"
Charming 1 br apt next to Promenade,226,Entire home/apt,1 review,"Brooklyn Heights, Brooklyn"
BEAUTIFUL STUDIO IN BOERUM HILL #8,226,Entire home/apt,22 reviews,"Boerum Hill, Brooklyn"
Sunny 3rd Floor BR w/Private Bath,97,Private room,18 reviews,"Kensington, Brooklyn"
Bright airy room in Brooklyn,116,Private room,10 reviews,"Prospect Heights, Brooklyn"
Place (Room),50,Private room,56 reviews,"Bedford-Stuyvesant, Brooklyn"
"Sunny, Bright and Budget Friendly",44,Private room,19 reviews,"Canarsie, Brooklyn"
Private Entrance - Garden Apartment,155,Entire home/apt,51 reviews,"Bedford-Stuyvesant, Brooklyn"
Gorgeous 2 Bath Apt Near Subway,200,Entire home/apt,5 reviews,"Greenpoint, Brooklyn"
"Private Garden Apt: 2 Bed, 2 Bath",258,Entire home/apt,10 reviews,"Greenpoint, Brooklyn"
Charming Williamsburg apartment!,168,Entire home/apt,5 reviews,"Williamsburg, Brooklyn"
Williamsburg/Greenpoint Bedroom,120,Private room,10 reviews,"Williamsburg, Brooklyn"
Comfortable Room available,63,Private room,12 reviews,"Bushwick, Brooklyn"
Gorgeous Studio in Prime Park Slope,128,Entire home/apt,5 reviews,"Park Slope, Brooklyn"
The Library Loft- The Green Room,70,Private room,1 review,"Williamsburg, Brooklyn"
Private Bedroom Charming Park Slope,78,Private room,4 reviews,"Park Slope, Brooklyn"
Cozy sun-lit room in Williamsburg,62,Private room,2 reviews,"Williamsburg, Brooklyn"
The Williamsburg Special,79,Private room,32 reviews,"Williamsburg, Brooklyn"
River View Studio,167,Entire home/apt,21 reviews,"Red Hook, Brooklyn"
Colorful Artistic Williamsburg Apt,103,Entire home/apt,28 reviews,"Williamsburg, Brooklyn"
Lovely Williamsburg Studio w/Patio,161,Entire home/apt,8 reviews,"Williamsburg, Brooklyn"
Quiet central Williamsburg Loft rm,116,Private room,7 reviews,"Williamsburg, Brooklyn"
Prospect Park West Penthouse Apt,213,Entire home/apt,91 reviews,"Park Slope, Brooklyn"
Apartment - private kitchen & bath,90,Entire home/apt,27 reviews,"Bedford-Stuyvesant, Brooklyn"
Fabulous Bklyn private bedbathsuite,115,Private room,212 reviews,"Clinton Hill, Brooklyn"
Charming 1br Apt In Williamsburg!!!,161,Entire home/apt,23 reviews,"Williamsburg, Brooklyn"
Quiet One Bedroom in Park Slope,142,Entire home/apt,5 reviews,"Gowanus, Brooklyn"
Bright Two Room Studio Apartment,110,Private room,15 reviews,"Greenpoint, Brooklyn"
Park Slope/Gowanus 2BD w/city views,213,Entire home/apt,5 reviews,"Gowanus, Brooklyn"
Beautiful 3 bedroom apartment!!,130,Entire home/apt,49 reviews,"Crown Heights, Brooklyn"
Spacious and Clean Brooklyn Flat,142,Entire home/apt,15 reviews,"Bushwick, Brooklyn"
"Sunny & Cozy Room, LGBTQ Friendly",84,Private room,23 reviews,"Park Slope, Brooklyn"
"Prime Williamsburg, 1 stop to city!",207,Entire home/apt,1 review,"Williamsburg, Brooklyn"
Location! 1b apt 10min to Manhattan,192,Entire home/apt,65 reviews,"Fort Greene, Brooklyn"
"Cozy, Trendy Room in Brooklyn Apt!",65,Private room,2 reviews,"Bedford-Stuyvesant, Brooklyn"
Modern Arty 2 bdrm apt sleeps 6,116,Entire home/apt,3 reviews,"Bedford-Stuyvesant, BROOKLYN"
Charming room in Victorian home,102,Private room,52 reviews,"Bedford-Stuyvesant, Brooklyn"
Beautiful 1 Bedroom,129,Entire home/apt,14 reviews,"Prospect Heights, Brooklyn"
Entire 2br Hardwood Apt in Wburg,178,Entire home/apt,11 reviews,"Williamsburg, Brooklyn"
Queen Bed with Private Bathroom,89,Private room,5 reviews,"Fort Greene, Brooklyn"
"Secure, cozy, and warm 2bd bedroom.",58,Private room,4 reviews,"Crown Heights, Brooklyn"
Beautiful Warm & Spacious 1.5BR Apt,155,Entire home/apt,36 reviews,"Crown Heights, Brooklyn"
Room in 2 Bedroom in Williamsburg,84,Private room,21 reviews,"Williamsburg, Brooklyn"
Spacious Sunny in Great Location,220,Entire home/apt,6 reviews,"Park Slope, Brooklyn"
"Fantastic, Affordable Rooftop Spot",102,Private room,65 reviews,"Bushwick, Brooklyn"
Artist's Room - Sunny Artsy Loft,94,Private room,54 reviews,"Williamsburg, Brooklyn"
Gorgeous 2BR Apt in Brownstone,291,Entire home/apt,81 reviews,"Clinton Hill, Brooklyn"
Charming Townhouse 2BD/2BTH w Patio,239,Entire home/apt,73 reviews,"Clinton Hill, Brooklyn"
"Cozy, Quiet Room",78,Private room,4 reviews,"Williamsburg, Brooklyn"
Lovely 2BR in Historic Neighborhood,103,Entire home/apt,10 reviews,"Flatbush, Brooklyn"
Classic Artist Loft Williamsburg,129,Private room,89 reviews,"Williamsburg, Brooklyn"
Modern Stay in Brownstone Brooklyn,129,Entire home/apt,29 reviews,"Bedford-Stuyvesant, Brooklyn"
Private Room in Williamsburg Loft G,97,Private room,14 reviews,"Williamsburg, Brooklyn"
Entire Apartment (~700 sq feet),142,Entire home/apt,3 reviews,"Williamsburg, Brooklyn"
Cozy Room in BK - 10ft from train,65,Private room,1 review,"Bedford-Stuyvesant, Brooklyn"
* Spacious Park Slope Duplex! *,226,Entire home/apt,5 reviews,"Gowanus, Brooklyn"
"3 BR apartment Crown Heights, BKLYN",207,Entire home/apt,50 reviews,"Crown Heights, Brooklyn"
HUGE ROOM 2 - 15 MINUTES >MANHATTAN,93,Private room,18 reviews,"Bushwick, Brooklyn"
Cute ethnic cosy private studio!,187,Entire home/apt,3 reviews,"Clinton Hill, Brooklyn"
Private Room in W'Burg 3A,116,Private room,20 reviews,"Williamsburg, Brooklyn"
Gorgeous Bushwick Loft with a View!,161,Private room,54 reviews,"Williamsburg, Brooklyn"
Industrial loft-Heart of Greenpoint,187,Private room,19 reviews,"Greenpoint, Brooklyn"
Beautiful Bedstuy Garden Apartment,141,Entire home/apt,10 reviews,"Bedford-Stuyvesant, Brooklyn"
Cozy Room With Perfect View,84,Private room,2 reviews,"Bushwick, Brooklyn"
Perfect NYC/Williamsburg Location,141,Private room,55 reviews,"Williamsburg, Brooklyn"
Charming Williamsburg 3 Bedroom,452,Entire home/apt,8 reviews,"Williamsburg, Brooklyn"
Bright Room in Williamsburg,71,Private room,1 review,"Williamsburg, Brooklyn"
SUNNY ROOM A- 15 MINUTES >MANHATTAN,101,Private room,15 reviews,"Bushwick, Brooklyn"
Large B&B Style rooms,78,Private room,45 reviews,"Bedford-Stuyvesant, Brooklyn"
Lofty Condo w/ Outdoor Space,161,Private room,5 reviews,"Prospect Heights, Brooklyn"
BROWNSTONE TWO IN BROOKLYN in NYC,97,Private room,76 reviews,"Bushwick, Brooklyn"
Brooklyn Budget Williamsburg NYC 2,65,Private room,60 reviews,"Williamsburg, Brooklyn"
Private Custom Studio w/ Spa Shower,76,Entire home/apt,13 reviews,"Lefferts Garden, Brooklyn"
Private Room B in Lux Loft (3B),129,Private room,13 reviews,"Williamsburg, Brooklyn"
1 BR in beautiful modern apt,123,Private room,3 reviews,"Crown Heights, Brooklyn"
Private Retreat in Carroll Gardens,510,Entire home/apt,9 reviews,"Red Hook, Brooklyn"
Lofty 71 m² Apt + Private Garden,233,Entire home/apt,36 reviews,"Gowanus, Brooklyn"
Spacious bright Williamsburg 1 BR,194,Entire home/apt,21 reviews,"Williamsburg, Brooklyn"
Large apartment w/ Parking,115,Entire home/apt,39 reviews,"Bushwick, Brooklyn"
Superb 3BD/2Baths Duplex in Bedstuy,314,Entire home/apt,14 reviews,"Bedford-Stuyvesant, New York"
Chic 1 Bedroom - Prospect Park,187,Entire home/apt,26 reviews,"Windsor Terrace, Brooklyn"
Bright  1BR Near 7th Ave F Train!,194,Entire home/apt,23 reviews,"Park Slope, Brooklyn"
Private Bedroom,76,Private room,10 reviews,"Bushwick, Brooklyn"
Greenpoint Haven,110,Private room,16 reviews,"Greenpoint, Brooklyn"
Beautiful Prime Williamsburg Apt,192,Entire home/apt,58 reviews,"Williamsburg, Brooklyn"
Minutes to Manhattan. Private Bath!,136,Private room,18 reviews,"Clinton Hill, Brooklyn"
Lovely Room - Lorimer L Train,116,Private room,15 reviews,"Williamsburg, Brooklyn"
Chic 1 Bedroom - Prospect Park,187,Entire home/apt,26 reviews,"Windsor Terrace, Brooklyn"
Bright  1BR Near 7th Ave F Train!,194,Entire home/apt,23 reviews,"Park Slope, Brooklyn"
Private Bedroom,76,Private room,10 reviews,"Bushwick, Brooklyn"
Greenpoint Haven,110,Private room,16 reviews,"Greenpoint, Brooklyn"
Beautiful Prime Williamsburg Apt,192,Entire home/apt,58 reviews,"Williamsburg, Brooklyn"
Minutes to Manhattan. Private Bath!,136,Private room,18 reviews,"Clinton Hill, Brooklyn"
Lovely Room - Lorimer L Train,116,Private room,15 reviews,"Williamsburg, Brooklyn"
Historic Townhouse in Williamsburg,614,Entire home/apt,5 reviews,"Williamsburg, Brooklyn"
wonderful 2 bed loft w city views,388,Entire home/apt,33 reviews,"Williamsburg, Brooklyn"
Brooklyn Heights One Bed - Doorman,226,Entire home/apt,3 reviews,"Brooklyn Heights, Brooklyn"
"Sun-lit, Private Room",78,Private room,2 reviews,"Crown Heights, Brooklyn"
1BD brownstone apt in Fort Greene!,155,Entire home/apt,17 reviews,"Fort Greene, Brooklyn"
Wooden Fairy Room 5 mins from L,78,Private room,6 reviews,"Williamsburg, Brooklyn"
SUNNY ROOM A PRIME CHIC WILLYBURG!!,129,Private room,17 reviews,"Williamsburg, Brooklyn"
Modern 1br loft apt in Williamsburg,226,Entire home/apt,8 reviews,"Williamsburg, Brooklyn"
Charming BR in brownstone farmhouse,120,Private room,46 reviews,"Bedford-Stuyvesant, Brooklyn"
Charming Historic Brooklyn Apt,194,Entire home/apt,1 review,"Brooklyn Heights, Brooklyn"
**SUPERB SPACE IN DUMBO BROOKLYN**,128,Private room,55 reviews,"DUMBO, Brooklyn"
"Dream Come True! Williamsburg, BK",123,Private room,86 reviews,"Williamsburg, Brooklyn"
Carroll Gardens Guest Apartment,355,Entire home/apt,2 reviews,"Carroll Gardens, Brooklyn"
NYC-Brooklyn #1 18 min to Manhattan,50,Private room,70 reviews,"Bedford-Stuyvesant, Brooklyn"
Gorgeous 2BR in Park Slope,245,Entire home/apt,0 reviews,"Park Slope, Brooklyn"
BKLYN BROWNSTONE: The Stuyvesant,142,Entire home/apt,11 reviews,"Bedford-Stuyvesant, Brooklyn"
Beautiful  brownstone room,103,Private room,1 review,"Crown Heights, Brooklyn"
Beautiful Private Apt- Williamsburg,129,Private room,6 reviews,"Greenpoint, Brooklyn"
Landmark Brooklyn Garden Apartment,194,Entire home/apt,10 reviews,"Fort Greene, Brooklyn"
Perfect For The Holidays!,174,Entire home/apt,2 reviews,"Crown Heights, Brooklyn"
Modern 2bdrm with private terrace!,355,Entire home/apt,0 reviews,"Boerum Hill, Brooklyn"
Charming Park Slope Apt W/Garden,213,Entire home/apt,26 reviews,"Park Slope, Brooklyn"
LOCATION! & garden window (*for 1*),65,Private room,31 reviews,"Prospect Heights, Brooklyn"
Historic Brownstone Parlor & Garden,110,Private room,5 reviews,"Bedford-Stuyvesant, Brooklyn"
"Private room and bathroom, Bushwick",129,Private room,7 reviews,"Bedford-Stuyvesant, Brooklyn"
"Abundant Light in Calm, Large Space",149,Private room,0 reviews,"Fort Greene, Brooklyn"
1400ft 2BR Loft BedfordWilliamsburg,310,Entire home/apt,13 reviews,"Williamsburg, Brooklyn"
Lovely garden bedroom in Greenpoint,128,Private room,22 reviews,"Greenpoint, Brooklyn"
Spacious 2 BD in Quiet NBRHD,194,Entire home/apt,1 review,"Bedford-Stuyvesant, Brooklyn"
